v_BaseballPitch_g01_c01.avi,106
v_BaseballPitch_g01_c02.avi,92
v_BaseballPitch_g01_c03.avi,102
v_BaseballPitch_g01_c04.avi,104
v_BaseballPitch_g01_c05.avi,90
v_BaseballPitch_g01_c06.avi,100
v_BaseballPitch_g02_c01.avi,78
v_BaseballPitch_g02_c02.avi,71
v_BaseballPitch_g02_c03.avi,75
v_BaseballPitch_g02_c04.avi,84
v_BaseballPitch_g03_c01.avi,86
v_BaseballPitch_g03_c02.avi,119
v_BaseballPitch_g03_c03.avi,87
v_BaseballPitch_g03_c04.avi,79
v_BaseballPitch_g03_c05.avi,69
v_BaseballPitch_g03_c06.avi,75
v_BaseballPitch_g03_c07.avi,96
v_BaseballPitch_g04_c01.avi,212
v_BaseballPitch_g04_c02.avi,113
v_BaseballPitch_g04_c03.avi,98
v_BaseballPitch_g04_c04.avi,117
v_BaseballPitch_g04_c05.avi,115
v_BaseballPitch_g05_c01.avi,117
v_BaseballPitch_g05_c02.avi,93
v_BaseballPitch_g05_c03.avi,90
v_BaseballPitch_g05_c04.avi,115
v_BaseballPitch_g05_c05.avi,71
v_BaseballPitch_g05_c06.avi,115
v_BaseballPitch_g05_c07.avi,69
v_BaseballPitch_g06_c01.avi,98
v_BaseballPitch_g06_c02.avi,86
v_BaseballPitch_g06_c03.avi,104
v_BaseballPitch_g06_c04.avi,46
v_BaseballPitch_g06_c05.avi,62
v_BaseballPitch_g06_c06.avi,60
v_BaseballPitch_g06_c07.avi,80
v_BaseballPitch_g07_c01.avi,64
v_BaseballPitch_g07_c02.avi,134
v_BaseballPitch_g07_c03.avi,77
v_BaseballPitch_g07_c04.avi,86
v_BaseballPitch_g07_c05.avi,69
v_BaseballPitch_g07_c06.avi,77
v_BaseballPitch_g07_c07.avi,79
v_BaseballPitch_g08_c01.avi,110
v_BaseballPitch_g08_c02.avi,103
v_BaseballPitch_g08_c03.avi,99
v_BaseballPitch_g08_c04.avi,94
v_BaseballPitch_g08_c05.avi,109
v_BaseballPitch_g08_c06.avi,105
v_BaseballPitch_g08_c07.avi,103
v_BaseballPitch_g09_c01.avi,66
v_BaseballPitch_g09_c02.avi,74
v_BaseballPitch_g09_c03.avi,71
v_BaseballPitch_g09_c04.avi,62
v_BaseballPitch_g09_c05.avi,61
v_BaseballPitch_g09_c06.avi,66
v_BaseballPitch_g09_c07.avi,98
v_BaseballPitch_g10_c01.avi,100
v_BaseballPitch_g10_c02.avi,171
v_BaseballPitch_g10_c03.avi,117
v_BaseballPitch_g10_c04.avi,117
v_BaseballPitch_g10_c05.avi,101
v_BaseballPitch_g11_c01.avi,103
v_BaseballPitch_g11_c02.avi,73
v_BaseballPitch_g11_c03.avi,67
v_BaseballPitch_g11_c04.avi,57
v_BaseballPitch_g11_c05.avi,76
v_BaseballPitch_g12_c01.avi,125
v_BaseballPitch_g12_c02.avi,126
v_BaseballPitch_g12_c03.avi,97
v_BaseballPitch_g12_c04.avi,59
v_BaseballPitch_g13_c01.avi,125
v_BaseballPitch_g13_c02.avi,122
v_BaseballPitch_g13_c03.avi,139
v_BaseballPitch_g13_c04.avi,130
v_BaseballPitch_g13_c05.avi,74
v_BaseballPitch_g13_c06.avi,74
v_BaseballPitch_g13_c07.avi,107
v_BaseballPitch_g14_c01.avi,103
v_BaseballPitch_g14_c02.avi,137
v_BaseballPitch_g14_c03.avi,96
v_BaseballPitch_g14_c04.avi,108
v_BaseballPitch_g15_c01.avi,69
v_BaseballPitch_g15_c02.avi,72
v_BaseballPitch_g15_c03.avi,74
v_BaseballPitch_g15_c04.avi,85
v_BaseballPitch_g15_c05.avi,72
v_BaseballPitch_g15_c06.avi,78
v_BaseballPitch_g15_c07.avi,81
v_BaseballPitch_g16_c01.avi,86
v_BaseballPitch_g16_c02.avi,105
v_BaseballPitch_g16_c03.avi,125
v_BaseballPitch_g16_c04.avi,96
v_BaseballPitch_g16_c05.avi,83
v_BaseballPitch_g16_c06.avi,77
v_BaseballPitch_g17_c01.avi,133
v_BaseballPitch_g17_c02.avi,101
v_BaseballPitch_g17_c03.avi,86
v_BaseballPitch_g17_c04.avi,79
v_BaseballPitch_g17_c05.avi,72
v_BaseballPitch_g17_c06.avi,67
v_BaseballPitch_g17_c07.avi,65
v_BaseballPitch_g18_c01.avi,69
v_BaseballPitch_g18_c02.avi,135
v_BaseballPitch_g18_c03.avi,135
v_BaseballPitch_g18_c04.avi,78
v_BaseballPitch_g18_c05.avi,173
v_BaseballPitch_g18_c06.avi,66
v_BaseballPitch_g18_c07.avi,74
v_BaseballPitch_g19_c01.avi,108
v_BaseballPitch_g19_c02.avi,154
v_BaseballPitch_g19_c03.avi,154
v_BaseballPitch_g19_c04.avi,132
v_BaseballPitch_g19_c05.avi,93
v_BaseballPitch_g20_c01.avi,110
v_BaseballPitch_g20_c02.avi,109
v_BaseballPitch_g20_c03.avi,93
v_BaseballPitch_g20_c04.avi,101
v_BaseballPitch_g21_c01.avi,160
v_BaseballPitch_g21_c02.avi,87
v_BaseballPitch_g21_c03.avi,151
v_BaseballPitch_g21_c04.avi,151
v_BaseballPitch_g22_c01.avi,103
v_BaseballPitch_g22_c02.avi,103
v_BaseballPitch_g22_c03.avi,90
v_BaseballPitch_g22_c04.avi,93
v_BaseballPitch_g22_c05.avi,69
v_BaseballPitch_g22_c06.avi,70
v_BaseballPitch_g22_c07.avi,68
v_BaseballPitch_g23_c01.avi,112
v_BaseballPitch_g23_c02.avi,83
v_BaseballPitch_g23_c03.avi,77
v_BaseballPitch_g23_c04.avi,107
v_BaseballPitch_g23_c05.avi,115
v_BaseballPitch_g23_c06.avi,107
v_BaseballPitch_g23_c07.avi,103
v_BaseballPitch_g24_c01.avi,145
v_BaseballPitch_g24_c02.avi,118
v_BaseballPitch_g24_c03.avi,140
v_BaseballPitch_g24_c04.avi,115
v_BaseballPitch_g24_c05.avi,128
v_BaseballPitch_g24_c06.avi,119
v_BaseballPitch_g24_c07.avi,125
v_BaseballPitch_g25_c01.avi,132
v_BaseballPitch_g25_c02.avi,100
v_BaseballPitch_g25_c03.avi,72
v_BaseballPitch_g25_c04.avi,113
v_BaseballPitch_g25_c05.avi,110
v_BaseballPitch_g25_c06.avi,122
v_BaseballPitch_g25_c07.avi,131
v_BasketballDunk_g01_c01.avi,60
v_BasketballDunk_g01_c02.avi,64
v_BasketballDunk_g01_c03.avi,70
v_BasketballDunk_g01_c04.avi,60
v_BasketballDunk_g01_c05.avi,65
v_BasketballDunk_g01_c06.avi,79
v_BasketballDunk_g01_c07.avi,56
v_BasketballDunk_g02_c01.avi,55
v_BasketballDunk_g02_c02.avi,108
v_BasketballDunk_g02_c03.avi,70
v_BasketballDunk_g02_c04.avi,57
v_BasketballDunk_g03_c01.avi,57
v_BasketballDunk_g03_c02.avi,75
v_BasketballDunk_g03_c03.avi,73
v_BasketballDunk_g03_c04.avi,80
v_BasketballDunk_g03_c05.avi,70
v_BasketballDunk_g03_c06.avi,65
v_BasketballDunk_g04_c01.avi,50
v_BasketballDunk_g04_c02.avi,54
v_BasketballDunk_g04_c03.avi,61
v_BasketballDunk_g04_c04.avi,47
v_BasketballDunk_g05_c01.avi,51
v_BasketballDunk_g05_c02.avi,79
v_BasketballDunk_g05_c03.avi,55
v_BasketballDunk_g05_c04.avi,51
v_BasketballDunk_g05_c05.avi,52
v_BasketballDunk_g05_c06.avi,83
v_BasketballDunk_g06_c01.avi,51
v_BasketballDunk_g06_c02.avi,60
v_BasketballDunk_g06_c03.avi,52
v_BasketballDunk_g06_c04.avi,62
v_BasketballDunk_g07_c01.avi,41
v_BasketballDunk_g07_c02.avi,34
v_BasketballDunk_g07_c03.avi,52
v_BasketballDunk_g07_c04.avi,45
v_BasketballDunk_g07_c05.avi,36
v_BasketballDunk_g07_c06.avi,50
v_BasketballDunk_g08_c01.avi,50
v_BasketballDunk_g08_c02.avi,65
v_BasketballDunk_g08_c03.avi,58
v_BasketballDunk_g08_c04.avi,58
v_BasketballDunk_g08_c05.avi,86
v_BasketballDunk_g09_c01.avi,84
v_BasketballDunk_g09_c02.avi,71
v_BasketballDunk_g09_c03.avi,81
v_BasketballDunk_g09_c04.avi,80
v_BasketballDunk_g09_c05.avi,60
v_BasketballDunk_g10_c01.avi,90
v_BasketballDunk_g10_c02.avi,59
v_BasketballDunk_g10_c03.avi,69
v_BasketballDunk_g10_c04.avi,68
v_BasketballDunk_g10_c05.avi,97
v_BasketballDunk_g11_c01.avi,114
v_BasketballDunk_g11_c02.avi,83
v_BasketballDunk_g11_c03.avi,94
v_BasketballDunk_g11_c04.avi,85
v_BasketballDunk_g11_c05.avi,90
v_BasketballDunk_g12_c01.avi,49
v_BasketballDunk_g12_c02.avi,55
v_BasketballDunk_g12_c03.avi,69
v_BasketballDunk_g12_c04.avi,57
v_BasketballDunk_g12_c05.avi,67
v_BasketballDunk_g13_c01.avi,46
v_BasketballDunk_g13_c02.avi,66
v_BasketballDunk_g13_c03.avi,105
v_BasketballDunk_g13_c04.avi,71
v_BasketballDunk_g14_c01.avi,87
v_BasketballDunk_g14_c02.avi,81
v_BasketballDunk_g14_c03.avi,86
v_BasketballDunk_g14_c04.avi,87
v_BasketballDunk_g14_c05.avi,81
v_BasketballDunk_g14_c06.avi,124
v_BasketballDunk_g14_c07.avi,97
v_BasketballDunk_g15_c01.avi,76
v_BasketballDunk_g15_c02.avi,81
v_BasketballDunk_g15_c03.avi,123
v_BasketballDunk_g15_c04.avi,101
v_BasketballDunk_g15_c05.avi,78
v_BasketballDunk_g15_c06.avi,101
v_BasketballDunk_g15_c07.avi,79
v_BasketballDunk_g16_c01.avi,75
v_BasketballDunk_g16_c02.avi,74
v_BasketballDunk_g16_c03.avi,63
v_BasketballDunk_g16_c04.avi,58
v_BasketballDunk_g16_c05.avi,73
v_BasketballDunk_g16_c06.avi,75
v_BasketballDunk_g17_c01.avi,70
v_BasketballDunk_g17_c02.avi,65
v_BasketballDunk_g17_c03.avi,73
v_BasketballDunk_g17_c04.avi,82
v_BasketballDunk_g17_c05.avi,60
v_BasketballDunk_g17_c06.avi,60
v_BasketballDunk_g17_c07.avi,74
v_BasketballDunk_g18_c01.avi,75
v_BasketballDunk_g18_c02.avi,66
v_BasketballDunk_g18_c03.avi,73
v_BasketballDunk_g18_c04.avi,50
v_BasketballDunk_g18_c05.avi,73
v_BasketballDunk_g18_c06.avi,66
v_BasketballDunk_g19_c01.avi,73
v_BasketballDunk_g19_c02.avi,50
v_BasketballDunk_g19_c03.avi,57
v_BasketballDunk_g19_c04.avi,52
v_BasketballDunk_g20_c01.avi,65
v_BasketballDunk_g20_c02.avi,52
v_BasketballDunk_g20_c03.avi,66
v_BasketballDunk_g20_c04.avi,77
v_BasketballDunk_g20_c05.avi,71
v_BasketballDunk_g20_c06.avi,71
v_BasketballDunk_g21_c01.avi,83
v_BasketballDunk_g21_c02.avi,94
v_BasketballDunk_g21_c03.avi,115
v_BasketballDunk_g21_c04.avi,147
v_BasketballDunk_g22_c01.avi,71
v_BasketballDunk_g22_c02.avi,67
v_BasketballDunk_g22_c03.avi,110
v_BasketballDunk_g22_c04.avi,95
v_BasketballDunk_g23_c01.avi,90
v_BasketballDunk_g23_c02.avi,84
v_BasketballDunk_g23_c03.avi,110
v_BasketballDunk_g23_c04.avi,136
v_BasketballDunk_g23_c05.avi,92
v_BasketballDunk_g24_c01.avi,84
v_BasketballDunk_g24_c02.avi,104
v_BasketballDunk_g24_c03.avi,77
v_BasketballDunk_g24_c04.avi,154
v_BasketballDunk_g24_c05.avi,167
v_BasketballDunk_g25_c01.avi,81
v_BasketballDunk_g25_c02.avi,116
v_BasketballDunk_g25_c03.avi,80
v_BasketballDunk_g25_c04.avi,88
v_Billiards_g01_c01.avi,273
v_Billiards_g01_c02.avi,382
v_Billiards_g01_c03.avi,394
v_Billiards_g01_c04.avi,188
v_Billiards_g01_c05.avi,351
v_Billiards_g01_c06.avi,297
v_Billiards_g02_c01.avi,335
v_Billiards_g02_c02.avi,312
v_Billiards_g02_c03.avi,391
v_Billiards_g02_c04.avi,355
v_Billiards_g02_c05.avi,398
v_Billiards_g02_c06.avi,335
v_Billiards_g02_c07.avi,391
v_Billiards_g03_c01.avi,212
v_Billiards_g03_c02.avi,382
v_Billiards_g03_c03.avi,274
v_Billiards_g03_c04.avi,269
v_Billiards_g03_c05.avi,286
v_Billiards_g04_c01.avi,173
v_Billiards_g04_c02.avi,298
v_Billiards_g04_c03.avi,267
v_Billiards_g04_c04.avi,278
v_Billiards_g04_c05.avi,233
v_Billiards_g04_c06.avi,296
v_Billiards_g04_c07.avi,190
v_Billiards_g05_c01.avi,364
v_Billiards_g05_c02.avi,480
v_Billiards_g05_c03.avi,591
v_Billiards_g05_c04.avi,373
v_Billiards_g05_c05.avi,302
v_Billiards_g05_c06.avi,358
v_Billiards_g06_c01.avi,250
v_Billiards_g06_c02.avi,345
v_Billiards_g06_c03.avi,369
v_Billiards_g06_c04.avi,298
v_Billiards_g06_c05.avi,260
v_Billiards_g07_c01.avi,315
v_Billiards_g07_c02.avi,257
v_Billiards_g07_c03.avi,272
v_Billiards_g07_c04.avi,280
v_Billiards_g08_c01.avi,318
v_Billiards_g08_c02.avi,352
v_Billiards_g08_c03.avi,318
v_Billiards_g08_c04.avi,195
v_Billiards_g08_c05.avi,322
v_Billiards_g08_c06.avi,329
v_Billiards_g09_c01.avi,219
v_Billiards_g09_c02.avi,368
v_Billiards_g09_c03.avi,208
v_Billiards_g09_c04.avi,286
v_Billiards_g09_c05.avi,241
v_Billiards_g09_c06.avi,221
v_Billiards_g09_c07.avi,216
v_Billiards_g10_c01.avi,333
v_Billiards_g10_c02.avi,336
v_Billiards_g10_c03.avi,354
v_Billiards_g10_c04.avi,343
v_Billiards_g10_c05.avi,326
v_Billiards_g11_c01.avi,255
v_Billiards_g11_c02.avi,240
v_Billiards_g11_c03.avi,249
v_Billiards_g11_c04.avi,289
v_Billiards_g11_c05.avi,317
v_Billiards_g11_c06.avi,366
v_Billiards_g11_c07.avi,280
v_Billiards_g12_c01.avi,330
v_Billiards_g12_c02.avi,303
v_Billiards_g12_c03.avi,427
v_Billiards_g12_c04.avi,234
v_Billiards_g12_c05.avi,141
v_Billiards_g12_c06.avi,222
v_Billiards_g12_c07.avi,371
v_Billiards_g13_c01.avi,237
v_Billiards_g13_c02.avi,286
v_Billiards_g13_c03.avi,297
v_Billiards_g13_c04.avi,244
v_Billiards_g13_c05.avi,240
v_Billiards_g13_c06.avi,299
v_Billiards_g13_c07.avi,294
v_Billiards_g14_c01.avi,272
v_Billiards_g14_c02.avi,258
v_Billiards_g14_c03.avi,229
v_Billiards_g14_c04.avi,233
v_Billiards_g14_c05.avi,294
v_Billiards_g14_c06.avi,292
v_Billiards_g14_c07.avi,201
v_Billiards_g15_c01.avi,329
v_Billiards_g15_c02.avi,270
v_Billiards_g15_c03.avi,235
v_Billiards_g15_c04.avi,269
v_Billiards_g15_c05.avi,245
v_Billiards_g15_c06.avi,297
v_Billiards_g15_c07.avi,333
v_Billiards_g16_c01.avi,237
v_Billiards_g16_c02.avi,224
v_Billiards_g16_c03.avi,257
v_Billiards_g16_c04.avi,293
v_Billiards_g16_c05.avi,404
v_Billiards_g17_c01.avi,274
v_Billiards_g17_c02.avi,273
v_Billiards_g17_c03.avi,401
v_Billiards_g17_c04.avi,295
v_Billiards_g17_c05.avi,339
v_Billiards_g18_c01.avi,145
v_Billiards_g18_c02.avi,246
v_Billiards_g18_c03.avi,180
v_Billiards_g18_c04.avi,216
v_Billiards_g18_c05.avi,177
v_Billiards_g18_c06.avi,241
v_Billiards_g18_c07.avi,259
v_Billiards_g19_c01.avi,287
v_Billiards_g19_c02.avi,311
v_Billiards_g19_c03.avi,211
v_Billiards_g19_c04.avi,91
v_Billiards_g19_c05.avi,378
v_Billiards_g19_c06.avi,248
v_Billiards_g19_c07.avi,381
v_Billiards_g20_c01.avi,292
v_Billiards_g20_c02.avi,289
v_Billiards_g20_c03.avi,228
v_Billiards_g20_c04.avi,216
v_Billiards_g21_c01.avi,257
v_Billiards_g21_c02.avi,305
v_Billiards_g21_c03.avi,451
v_Billiards_g21_c04.avi,241
v_Billiards_g21_c05.avi,361
v_Billiards_g21_c06.avi,265
v_Billiards_g21_c07.avi,230
v_Billiards_g22_c01.avi,186
v_Billiards_g22_c02.avi,165
v_Billiards_g22_c03.avi,293
v_Billiards_g22_c04.avi,175
v_Billiards_g22_c05.avi,133
v_Billiards_g23_c01.avi,308
v_Billiards_g23_c02.avi,318
v_Billiards_g23_c03.avi,289
v_Billiards_g23_c04.avi,345
v_Billiards_g24_c01.avi,200
v_Billiards_g24_c02.avi,255
v_Billiards_g24_c03.avi,302
v_Billiards_g24_c04.avi,317
v_Billiards_g24_c05.avi,234
v_Billiards_g24_c06.avi,278
v_Billiards_g25_c01.avi,191
v_Billiards_g25_c02.avi,271
v_Billiards_g25_c03.avi,240
v_Billiards_g25_c04.avi,294
v_Billiards_g25_c05.avi,296
v_Billiards_g25_c06.avi,306
v_Billiards_g25_c07.avi,250
v_CleanAndJerk_g01_c01.avi,99
v_CleanAndJerk_g01_c02.avi,112
v_CleanAndJerk_g01_c03.avi,123
v_CleanAndJerk_g01_c04.avi,118
v_CleanAndJerk_g01_c05.avi,120
v_CleanAndJerk_g02_c01.avi,102
v_CleanAndJerk_g02_c02.avi,244
v_CleanAndJerk_g02_c03.avi,210
v_CleanAndJerk_g02_c04.avi,292
v_CleanAndJerk_g03_c01.avi,171
v_CleanAndJerk_g03_c02.avi,253
v_CleanAndJerk_g03_c03.avi,275
v_CleanAndJerk_g03_c04.avi,292
v_CleanAndJerk_g03_c05.avi,237
v_CleanAndJerk_g03_c06.avi,245
v_CleanAndJerk_g04_c01.avi,142
v_CleanAndJerk_g04_c02.avi,236
v_CleanAndJerk_g04_c03.avi,145
v_CleanAndJerk_g04_c04.avi,151
v_CleanAndJerk_g04_c05.avi,236
v_CleanAndJerk_g05_c01.avi,90
v_CleanAndJerk_g05_c02.avi,145
v_CleanAndJerk_g05_c03.avi,145
v_CleanAndJerk_g05_c04.avi,205
v_CleanAndJerk_g06_c01.avi,189
v_CleanAndJerk_g06_c02.avi,193
v_CleanAndJerk_g06_c03.avi,100
v_CleanAndJerk_g06_c04.avi,245
v_CleanAndJerk_g07_c01.avi,227
v_CleanAndJerk_g07_c02.avi,303
v_CleanAndJerk_g07_c03.avi,227
v_CleanAndJerk_g07_c04.avi,284
v_CleanAndJerk_g07_c05.avi,189
v_CleanAndJerk_g08_c01.avi,235
v_CleanAndJerk_g08_c02.avi,106
v_CleanAndJerk_g08_c03.avi,109
v_CleanAndJerk_g08_c04.avi,277
v_CleanAndJerk_g09_c01.avi,252
v_CleanAndJerk_g09_c02.avi,231
v_CleanAndJerk_g09_c03.avi,231
v_CleanAndJerk_g09_c04.avi,231
v_CleanAndJerk_g10_c01.avi,193
v_CleanAndJerk_g10_c02.avi,183
v_CleanAndJerk_g10_c03.avi,203
v_CleanAndJerk_g10_c04.avi,260
v_CleanAndJerk_g11_c01.avi,206
v_CleanAndJerk_g11_c02.avi,301
v_CleanAndJerk_g11_c03.avi,319
v_CleanAndJerk_g11_c04.avi,206
v_CleanAndJerk_g12_c01.avi,165
v_CleanAndJerk_g12_c02.avi,99
v_CleanAndJerk_g12_c03.avi,124
v_CleanAndJerk_g12_c04.avi,135
v_CleanAndJerk_g12_c05.avi,135
v_CleanAndJerk_g12_c06.avi,150
v_CleanAndJerk_g12_c07.avi,150
v_CleanAndJerk_g13_c01.avi,80
v_CleanAndJerk_g13_c02.avi,102
v_CleanAndJerk_g13_c03.avi,113
v_CleanAndJerk_g13_c04.avi,286
v_CleanAndJerk_g14_c01.avi,189
v_CleanAndJerk_g14_c02.avi,225
v_CleanAndJerk_g14_c03.avi,201
v_CleanAndJerk_g14_c04.avi,344
v_CleanAndJerk_g14_c05.avi,174
v_CleanAndJerk_g14_c06.avi,225
v_CleanAndJerk_g15_c01.avi,89
v_CleanAndJerk_g15_c02.avi,82
v_CleanAndJerk_g15_c03.avi,164
v_CleanAndJerk_g15_c04.avi,110
v_CleanAndJerk_g16_c01.avi,103
v_CleanAndJerk_g16_c02.avi,101
v_CleanAndJerk_g16_c03.avi,95
v_CleanAndJerk_g16_c04.avi,105
v_CleanAndJerk_g17_c01.avi,87
v_CleanAndJerk_g17_c02.avi,116
v_CleanAndJerk_g17_c03.avi,137
v_CleanAndJerk_g17_c04.avi,164
v_CleanAndJerk_g18_c01.avi,229
v_CleanAndJerk_g18_c02.avi,244
v_CleanAndJerk_g18_c03.avi,226
v_CleanAndJerk_g18_c04.avi,226
v_CleanAndJerk_g19_c01.avi,289
v_CleanAndJerk_g19_c02.avi,228
v_CleanAndJerk_g19_c03.avi,239
v_CleanAndJerk_g19_c04.avi,322
v_CleanAndJerk_g20_c01.avi,147
v_CleanAndJerk_g20_c02.avi,281
v_CleanAndJerk_g20_c03.avi,162
v_CleanAndJerk_g20_c04.avi,331
v_CleanAndJerk_g20_c05.avi,273
v_CleanAndJerk_g20_c06.avi,370
v_CleanAndJerk_g21_c01.avi,100
v_CleanAndJerk_g21_c02.avi,94
v_CleanAndJerk_g21_c03.avi,119
v_CleanAndJerk_g21_c04.avi,113
v_CleanAndJerk_g22_c01.avi,233
v_CleanAndJerk_g22_c02.avi,287
v_CleanAndJerk_g22_c03.avi,271
v_CleanAndJerk_g22_c04.avi,241
v_CleanAndJerk_g23_c01.avi,66
v_CleanAndJerk_g23_c02.avi,76
v_CleanAndJerk_g23_c03.avi,76
v_CleanAndJerk_g23_c04.avi,86
v_CleanAndJerk_g24_c01.avi,227
v_CleanAndJerk_g24_c02.avi,262
v_CleanAndJerk_g24_c03.avi,234
v_CleanAndJerk_g24_c04.avi,130
v_CleanAndJerk_g25_c01.avi,130
v_CleanAndJerk_g25_c02.avi,192
v_CleanAndJerk_g25_c03.avi,207
v_CleanAndJerk_g25_c04.avi,255
v_CliffDiving_g01_c01.avi,89
v_CliffDiving_g01_c02.avi,113
v_CliffDiving_g01_c03.avi,71
v_CliffDiving_g01_c04.avi,80
v_CliffDiving_g01_c05.avi,81
v_CliffDiving_g01_c06.avi,75
v_CliffDiving_g02_c01.avi,77
v_CliffDiving_g02_c02.avi,96
v_CliffDiving_g02_c03.avi,93
v_CliffDiving_g02_c04.avi,81
v_CliffDiving_g03_c01.avi,91
v_CliffDiving_g03_c02.avi,95
v_CliffDiving_g03_c03.avi,99
v_CliffDiving_g03_c04.avi,103
v_CliffDiving_g03_c05.avi,92
v_CliffDiving_g04_c01.avi,100
v_CliffDiving_g04_c02.avi,106
v_CliffDiving_g04_c03.avi,110
v_CliffDiving_g04_c04.avi,101
v_CliffDiving_g05_c01.avi,79
v_CliffDiving_g05_c02.avi,75
v_CliffDiving_g05_c03.avi,97
v_CliffDiving_g05_c04.avi,67
v_CliffDiving_g05_c05.avi,85
v_CliffDiving_g05_c06.avi,96
v_CliffDiving_g05_c07.avi,93
v_CliffDiving_g06_c01.avi,80
v_CliffDiving_g06_c02.avi,70
v_CliffDiving_g06_c03.avi,95
v_CliffDiving_g06_c04.avi,88
v_CliffDiving_g06_c05.avi,84
v_CliffDiving_g06_c06.avi,71
v_CliffDiving_g06_c07.avi,87
v_CliffDiving_g07_c01.avi,57
v_CliffDiving_g07_c02.avi,59
v_CliffDiving_g07_c03.avi,82
v_CliffDiving_g07_c04.avi,83
v_CliffDiving_g07_c05.avi,71
v_CliffDiving_g07_c06.avi,74
v_CliffDiving_g08_c01.avi,68
v_CliffDiving_g08_c02.avi,75
v_CliffDiving_g08_c03.avi,77
v_CliffDiving_g08_c04.avi,92
v_CliffDiving_g09_c01.avi,80
v_CliffDiving_g09_c02.avi,97
v_CliffDiving_g09_c03.avi,97
v_CliffDiving_g09_c04.avi,89
v_CliffDiving_g09_c05.avi,111
v_CliffDiving_g09_c06.avi,111
v_CliffDiving_g10_c01.avi,79
v_CliffDiving_g10_c02.avi,68
v_CliffDiving_g10_c03.avi,88
v_CliffDiving_g10_c04.avi,78
v_CliffDiving_g10_c05.avi,103
v_CliffDiving_g10_c06.avi,98
v_CliffDiving_g10_c07.avi,93
v_CliffDiving_g11_c01.avi,98
v_CliffDiving_g11_c02.avi,110
v_CliffDiving_g11_c03.avi,54
v_CliffDiving_g11_c04.avi,95
v_CliffDiving_g11_c05.avi,98
v_CliffDiving_g11_c06.avi,104
v_CliffDiving_g12_c01.avi,71
v_CliffDiving_g12_c02.avi,114
v_CliffDiving_g12_c03.avi,80
v_CliffDiving_g12_c04.avi,90
v_CliffDiving_g12_c05.avi,66
v_CliffDiving_g12_c06.avi,112
v_CliffDiving_g12_c07.avi,116
v_CliffDiving_g13_c01.avi,102
v_CliffDiving_g13_c02.avi,106
v_CliffDiving_g13_c03.avi,98
v_CliffDiving_g13_c04.avi,100
v_CliffDiving_g14_c01.avi,75
v_CliffDiving_g14_c02.avi,56
v_CliffDiving_g14_c03.avi,81
v_CliffDiving_g14_c04.avi,64
v_CliffDiving_g14_c05.avi,73
v_CliffDiving_g14_c06.avi,70
v_CliffDiving_g14_c07.avi,64
v_CliffDiving_g15_c01.avi,89
v_CliffDiving_g15_c02.avi,105
v_CliffDiving_g15_c03.avi,105
v_CliffDiving_g15_c04.avi,105
v_CliffDiving_g16_c01.avi,102
v_CliffDiving_g16_c02.avi,93
v_CliffDiving_g16_c03.avi,91
v_CliffDiving_g16_c04.avi,99
v_CliffDiving_g17_c01.avi,73
v_CliffDiving_g17_c02.avi,93
v_CliffDiving_g17_c03.avi,103
v_CliffDiving_g17_c04.avi,85
v_CliffDiving_g17_c05.avi,101
v_CliffDiving_g18_c01.avi,86
v_CliffDiving_g18_c02.avi,86
v_CliffDiving_g18_c03.avi,102
v_CliffDiving_g18_c04.avi,63
v_CliffDiving_g18_c05.avi,102
v_CliffDiving_g18_c06.avi,94
v_CliffDiving_g18_c07.avi,78
v_CliffDiving_g19_c01.avi,69
v_CliffDiving_g19_c02.avi,80
v_CliffDiving_g19_c03.avi,78
v_CliffDiving_g19_c04.avi,96
v_CliffDiving_g19_c05.avi,78
v_CliffDiving_g19_c06.avi,91
v_CliffDiving_g19_c07.avi,83
v_CliffDiving_g20_c01.avi,108
v_CliffDiving_g20_c02.avi,68
v_CliffDiving_g20_c03.avi,80
v_CliffDiving_g20_c04.avi,107
v_CliffDiving_g20_c05.avi,82
v_CliffDiving_g20_c06.avi,71
v_CliffDiving_g20_c07.avi,49
v_CliffDiving_g21_c01.avi,69
v_CliffDiving_g21_c02.avi,80
v_CliffDiving_g21_c03.avi,75
v_CliffDiving_g21_c04.avi,71
v_CliffDiving_g22_c01.avi,83
v_CliffDiving_g22_c02.avi,80
v_CliffDiving_g22_c03.avi,68
v_CliffDiving_g22_c04.avi,74
v_CliffDiving_g22_c05.avi,91
v_CliffDiving_g22_c06.avi,91
v_CliffDiving_g23_c01.avi,94
v_CliffDiving_g23_c02.avi,102
v_CliffDiving_g23_c03.avi,116
v_CliffDiving_g23_c04.avi,106
v_CliffDiving_g23_c05.avi,111
v_CliffDiving_g24_c01.avi,91
v_CliffDiving_g24_c02.avi,66
v_CliffDiving_g24_c03.avi,62
v_CliffDiving_g24_c04.avi,97
v_CliffDiving_g24_c05.avi,87
v_CliffDiving_g25_c01.avi,71
v_CliffDiving_g25_c02.avi,83
v_CliffDiving_g25_c03.avi,97
v_CliffDiving_g25_c04.avi,87
v_CricketBowling_g01_c01.avi,68
v_CricketBowling_g01_c02.avi,60
v_CricketBowling_g01_c03.avi,65
v_CricketBowling_g01_c04.avi,132
v_CricketBowling_g01_c05.avi,59
v_CricketBowling_g01_c06.avi,169
v_CricketBowling_g01_c07.avi,119
v_CricketBowling_g02_c01.avi,122
v_CricketBowling_g02_c02.avi,99
v_CricketBowling_g02_c03.avi,114
v_CricketBowling_g02_c04.avi,158
v_CricketBowling_g02_c05.avi,132
v_CricketBowling_g02_c06.avi,129
v_CricketBowling_g02_c07.avi,122
v_CricketBowling_g03_c01.avi,99
v_CricketBowling_g03_c02.avi,116
v_CricketBowling_g03_c03.avi,59
v_CricketBowling_g03_c04.avi,100
v_CricketBowling_g04_c01.avi,94
v_CricketBowling_g04_c02.avi,100
v_CricketBowling_g04_c03.avi,86
v_CricketBowling_g04_c04.avi,102
v_CricketBowling_g04_c05.avi,109
v_CricketBowling_g05_c01.avi,128
v_CricketBowling_g05_c02.avi,110
v_CricketBowling_g05_c03.avi,97
v_CricketBowling_g05_c04.avi,106
v_CricketBowling_g06_c01.avi,159
v_CricketBowling_g06_c02.avi,174
v_CricketBowling_g06_c03.avi,152
v_CricketBowling_g06_c04.avi,149
v_CricketBowling_g06_c05.avi,156
v_CricketBowling_g07_c01.avi,64
v_CricketBowling_g07_c02.avi,74
v_CricketBowling_g07_c03.avi,73
v_CricketBowling_g07_c04.avi,83
v_CricketBowling_g08_c01.avi,170
v_CricketBowling_g08_c02.avi,183
v_CricketBowling_g08_c03.avi,180
v_CricketBowling_g08_c04.avi,124
v_CricketBowling_g08_c05.avi,134
v_CricketBowling_g09_c01.avi,93
v_CricketBowling_g09_c02.avi,96
v_CricketBowling_g09_c03.avi,85
v_CricketBowling_g09_c04.avi,129
v_CricketBowling_g09_c05.avi,72
v_CricketBowling_g09_c06.avi,65
v_CricketBowling_g09_c07.avi,112
v_CricketBowling_g10_c01.avi,85
v_CricketBowling_g10_c02.avi,108
v_CricketBowling_g10_c03.avi,79
v_CricketBowling_g10_c04.avi,52
v_CricketBowling_g11_c01.avi,114
v_CricketBowling_g11_c02.avi,90
v_CricketBowling_g11_c03.avi,137
v_CricketBowling_g11_c04.avi,116
v_CricketBowling_g11_c05.avi,104
v_CricketBowling_g11_c06.avi,125
v_CricketBowling_g11_c07.avi,114
v_CricketBowling_g12_c01.avi,74
v_CricketBowling_g12_c02.avi,117
v_CricketBowling_g12_c03.avi,96
v_CricketBowling_g12_c04.avi,123
v_CricketBowling_g12_c05.avi,85
v_CricketBowling_g12_c06.avi,68
v_CricketBowling_g13_c01.avi,90
v_CricketBowling_g13_c02.avi,71
v_CricketBowling_g13_c03.avi,73
v_CricketBowling_g13_c04.avi,55
v_CricketBowling_g13_c05.avi,72
v_CricketBowling_g14_c01.avi,80
v_CricketBowling_g14_c02.avi,74
v_CricketBowling_g14_c03.avi,63
v_CricketBowling_g14_c04.avi,72
v_CricketBowling_g14_c05.avi,60
v_CricketBowling_g15_c01.avi,92
v_CricketBowling_g15_c02.avi,121
v_CricketBowling_g15_c03.avi,92
v_CricketBowling_g15_c04.avi,95
v_CricketBowling_g15_c05.avi,102
v_CricketBowling_g15_c06.avi,74
v_CricketBowling_g16_c01.avi,83
v_CricketBowling_g16_c02.avi,92
v_CricketBowling_g16_c03.avi,117
v_CricketBowling_g16_c04.avi,82
v_CricketBowling_g16_c05.avi,113
v_CricketBowling_g16_c06.avi,62
v_CricketBowling_g16_c07.avi,77
v_CricketBowling_g17_c01.avi,94
v_CricketBowling_g17_c02.avi,98
v_CricketBowling_g17_c03.avi,102
v_CricketBowling_g17_c04.avi,79
v_CricketBowling_g17_c05.avi,86
v_CricketBowling_g18_c01.avi,70
v_CricketBowling_g18_c02.avi,81
v_CricketBowling_g18_c03.avi,83
v_CricketBowling_g18_c04.avi,81
v_CricketBowling_g18_c05.avi,72
v_CricketBowling_g18_c06.avi,70
v_CricketBowling_g19_c01.avi,100
v_CricketBowling_g19_c02.avi,93
v_CricketBowling_g19_c03.avi,76
v_CricketBowling_g19_c04.avi,83
v_CricketBowling_g19_c05.avi,109
v_CricketBowling_g19_c06.avi,87
v_CricketBowling_g19_c07.avi,95
v_CricketBowling_g20_c01.avi,127
v_CricketBowling_g20_c02.avi,109
v_CricketBowling_g20_c03.avi,114
v_CricketBowling_g20_c04.avi,78
v_CricketBowling_g20_c05.avi,68
v_CricketBowling_g21_c01.avi,126
v_CricketBowling_g21_c02.avi,76
v_CricketBowling_g21_c03.avi,78
v_CricketBowling_g21_c04.avi,93
v_CricketBowling_g21_c05.avi,125
v_CricketBowling_g21_c06.avi,82
v_CricketBowling_g22_c01.avi,67
v_CricketBowling_g22_c02.avi,139
v_CricketBowling_g22_c03.avi,79
v_CricketBowling_g22_c04.avi,91
v_CricketBowling_g22_c05.avi,73
v_CricketBowling_g22_c06.avi,62
v_CricketBowling_g22_c07.avi,78
v_CricketBowling_g23_c01.avi,97
v_CricketBowling_g23_c02.avi,80
v_CricketBowling_g23_c03.avi,107
v_CricketBowling_g23_c04.avi,82
v_CricketBowling_g24_c01.avi,74
v_CricketBowling_g24_c02.avi,57
v_CricketBowling_g24_c03.avi,93
v_CricketBowling_g24_c04.avi,52
v_CricketBowling_g25_c01.avi,71
v_CricketBowling_g25_c02.avi,62
v_CricketBowling_g25_c03.avi,66
v_CricketBowling_g25_c04.avi,79
v_CricketBowling_g25_c05.avi,51
v_CricketBowling_g25_c06.avi,106
v_CricketBowling_g25_c07.avi,75
v_CricketShot_g01_c01.avi,83
v_CricketShot_g01_c02.avi,90
v_CricketShot_g01_c03.avi,94
v_CricketShot_g01_c04.avi,71
v_CricketShot_g01_c05.avi,94
v_CricketShot_g01_c06.avi,75
v_CricketShot_g01_c07.avi,70
v_CricketShot_g02_c01.avi,104
v_CricketShot_g02_c02.avi,92
v_CricketShot_g02_c03.avi,96
v_CricketShot_g02_c04.avi,93
v_CricketShot_g02_c05.avi,126
v_CricketShot_g02_c06.avi,95
v_CricketShot_g02_c07.avi,93
v_CricketShot_g03_c01.avi,91
v_CricketShot_g03_c02.avi,103
v_CricketShot_g03_c03.avi,92
v_CricketShot_g03_c04.avi,100
v_CricketShot_g03_c05.avi,104
v_CricketShot_g03_c06.avi,141
v_CricketShot_g03_c07.avi,102
v_CricketShot_g04_c01.avi,79
v_CricketShot_g04_c02.avi,115
v_CricketShot_g04_c03.avi,98
v_CricketShot_g04_c04.avi,74
v_CricketShot_g04_c05.avi,83
v_CricketShot_g04_c06.avi,76
v_CricketShot_g04_c07.avi,87
v_CricketShot_g05_c01.avi,55
v_CricketShot_g05_c02.avi,63
v_CricketShot_g05_c03.avi,76
v_CricketShot_g05_c04.avi,56
v_CricketShot_g05_c05.avi,55
v_CricketShot_g05_c06.avi,64
v_CricketShot_g05_c07.avi,65
v_CricketShot_g06_c01.avi,121
v_CricketShot_g06_c02.avi,126
v_CricketShot_g06_c03.avi,117
v_CricketShot_g06_c04.avi,134
v_CricketShot_g06_c05.avi,121
v_CricketShot_g06_c06.avi,168
v_CricketShot_g06_c07.avi,99
v_CricketShot_g07_c01.avi,99
v_CricketShot_g07_c02.avi,125
v_CricketShot_g07_c03.avi,133
v_CricketShot_g07_c04.avi,117
v_CricketShot_g07_c05.avi,118
v_CricketShot_g07_c06.avi,98
v_CricketShot_g07_c07.avi,101
v_CricketShot_g08_c01.avi,74
v_CricketShot_g08_c02.avi,74
v_CricketShot_g08_c03.avi,52
v_CricketShot_g08_c04.avi,67
v_CricketShot_g08_c05.avi,97
v_CricketShot_g08_c06.avi,81
v_CricketShot_g08_c07.avi,93
v_CricketShot_g09_c01.avi,77
v_CricketShot_g09_c02.avi,73
v_CricketShot_g09_c03.avi,85
v_CricketShot_g09_c04.avi,73
v_CricketShot_g09_c05.avi,81
v_CricketShot_g09_c06.avi,97
v_CricketShot_g09_c07.avi,59
v_CricketShot_g10_c01.avi,112
v_CricketShot_g10_c02.avi,83
v_CricketShot_g10_c03.avi,72
v_CricketShot_g10_c04.avi,51
v_CricketShot_g10_c05.avi,79
v_CricketShot_g10_c06.avi,69
v_CricketShot_g10_c07.avi,107
v_CricketShot_g11_c01.avi,131
v_CricketShot_g11_c02.avi,133
v_CricketShot_g11_c03.avi,138
v_CricketShot_g11_c04.avi,105
v_CricketShot_g11_c05.avi,95
v_CricketShot_g11_c06.avi,140
v_CricketShot_g11_c07.avi,133
v_CricketShot_g12_c01.avi,113
v_CricketShot_g12_c02.avi,133
v_CricketShot_g12_c03.avi,88
v_CricketShot_g12_c04.avi,111
v_CricketShot_g12_c05.avi,99
v_CricketShot_g12_c06.avi,124
v_CricketShot_g12_c07.avi,105
v_CricketShot_g13_c01.avi,49
v_CricketShot_g13_c02.avi,51
v_CricketShot_g13_c03.avi,75
v_CricketShot_g13_c04.avi,51
v_CricketShot_g13_c05.avi,61
v_CricketShot_g13_c06.avi,53
v_CricketShot_g13_c07.avi,71
v_CricketShot_g14_c01.avi,104
v_CricketShot_g14_c02.avi,134
v_CricketShot_g14_c03.avi,106
v_CricketShot_g14_c04.avi,135
v_CricketShot_g14_c05.avi,108
v_CricketShot_g14_c06.avi,117
v_CricketShot_g14_c07.avi,121
v_CricketShot_g15_c01.avi,62
v_CricketShot_g15_c02.avi,91
v_CricketShot_g15_c03.avi,85
v_CricketShot_g15_c04.avi,64
v_CricketShot_g15_c05.avi,65
v_CricketShot_g15_c06.avi,74
v_CricketShot_g15_c07.avi,95
v_CricketShot_g16_c01.avi,103
v_CricketShot_g16_c02.avi,99
v_CricketShot_g16_c03.avi,97
v_CricketShot_g16_c04.avi,72
v_CricketShot_g16_c05.avi,46
v_CricketShot_g16_c06.avi,56
v_CricketShot_g16_c07.avi,49
v_CricketShot_g17_c01.avi,104
v_CricketShot_g17_c02.avi,95
v_CricketShot_g17_c03.avi,105
v_CricketShot_g17_c04.avi,89
v_CricketShot_g17_c05.avi,94
v_CricketShot_g17_c06.avi,87
v_CricketShot_g18_c01.avi,61
v_CricketShot_g18_c02.avi,84
v_CricketShot_g18_c03.avi,70
v_CricketShot_g18_c04.avi,66
v_CricketShot_g18_c05.avi,76
v_CricketShot_g19_c01.avi,60
v_CricketShot_g19_c02.avi,54
v_CricketShot_g19_c03.avi,80
v_CricketShot_g19_c04.avi,83
v_CricketShot_g19_c05.avi,86
v_CricketShot_g20_c01.avi,132
v_CricketShot_g20_c02.avi,124
v_CricketShot_g20_c03.avi,135
v_CricketShot_g20_c04.avi,135
v_CricketShot_g20_c05.avi,61
v_CricketShot_g20_c06.avi,88
v_CricketShot_g20_c07.avi,100
v_CricketShot_g21_c01.avi,45
v_CricketShot_g21_c02.avi,78
v_CricketShot_g21_c03.avi,52
v_CricketShot_g21_c04.avi,69
v_CricketShot_g21_c05.avi,55
v_CricketShot_g21_c06.avi,100
v_CricketShot_g22_c01.avi,169
v_CricketShot_g22_c02.avi,183
v_CricketShot_g22_c03.avi,157
v_CricketShot_g22_c04.avi,131
v_CricketShot_g22_c05.avi,182
v_CricketShot_g22_c06.avi,135
v_CricketShot_g22_c07.avi,261
v_CricketShot_g23_c01.avi,87
v_CricketShot_g23_c02.avi,104
v_CricketShot_g23_c03.avi,77
v_CricketShot_g23_c04.avi,136
v_CricketShot_g23_c05.avi,140
v_CricketShot_g24_c01.avi,70
v_CricketShot_g24_c02.avi,62
v_CricketShot_g24_c03.avi,79
v_CricketShot_g24_c04.avi,86
v_CricketShot_g24_c05.avi,99
v_CricketShot_g24_c06.avi,68
v_CricketShot_g24_c07.avi,88
v_CricketShot_g25_c01.avi,86
v_CricketShot_g25_c02.avi,90
v_CricketShot_g25_c03.avi,75
v_CricketShot_g25_c04.avi,71
v_CricketShot_g25_c05.avi,78
v_CricketShot_g25_c06.avi,76
v_CricketShot_g25_c07.avi,89
v_Diving_g01_c01.avi,258
v_Diving_g01_c02.avi,281
v_Diving_g01_c03.avi,213
v_Diving_g01_c04.avi,231
v_Diving_g01_c05.avi,233
v_Diving_g01_c06.avi,254
v_Diving_g01_c07.avi,242
v_Diving_g02_c01.avi,133
v_Diving_g02_c02.avi,150
v_Diving_g02_c03.avi,127
v_Diving_g02_c04.avi,159
v_Diving_g02_c05.avi,199
v_Diving_g02_c06.avi,151
v_Diving_g02_c07.avi,122
v_Diving_g03_c01.avi,189
v_Diving_g03_c02.avi,191
v_Diving_g03_c03.avi,186
v_Diving_g03_c04.avi,196
v_Diving_g03_c05.avi,247
v_Diving_g03_c06.avi,114
v_Diving_g03_c07.avi,102
v_Diving_g04_c01.avi,105
v_Diving_g04_c02.avi,97
v_Diving_g04_c03.avi,145
v_Diving_g04_c04.avi,284
v_Diving_g04_c05.avi,149
v_Diving_g04_c06.avi,119
v_Diving_g04_c07.avi,149
v_Diving_g05_c01.avi,109
v_Diving_g05_c02.avi,157
v_Diving_g05_c03.avi,105
v_Diving_g05_c04.avi,129
v_Diving_g05_c05.avi,100
v_Diving_g05_c06.avi,59
v_Diving_g06_c01.avi,211
v_Diving_g06_c02.avi,208
v_Diving_g06_c03.avi,235
v_Diving_g06_c04.avi,215
v_Diving_g06_c05.avi,124
v_Diving_g06_c06.avi,218
v_Diving_g06_c07.avi,241
v_Diving_g07_c01.avi,178
v_Diving_g07_c02.avi,157
v_Diving_g07_c03.avi,215
v_Diving_g07_c04.avi,172
v_Diving_g08_c01.avi,167
v_Diving_g08_c02.avi,147
v_Diving_g08_c03.avi,157
v_Diving_g08_c04.avi,144
v_Diving_g08_c05.avi,154
v_Diving_g08_c06.avi,218
v_Diving_g09_c01.avi,191
v_Diving_g09_c02.avi,177
v_Diving_g09_c03.avi,211
v_Diving_g09_c04.avi,175
v_Diving_g09_c05.avi,112
v_Diving_g09_c06.avi,112
v_Diving_g09_c07.avi,113
v_Diving_g10_c01.avi,135
v_Diving_g10_c02.avi,127
v_Diving_g10_c03.avi,103
v_Diving_g10_c04.avi,100
v_Diving_g10_c05.avi,162
v_Diving_g10_c06.avi,165
v_Diving_g10_c07.avi,151
v_Diving_g11_c01.avi,121
v_Diving_g11_c02.avi,124
v_Diving_g11_c03.avi,133
v_Diving_g11_c04.avi,157
v_Diving_g11_c05.avi,169
v_Diving_g11_c06.avi,180
v_Diving_g12_c01.avi,160
v_Diving_g12_c02.avi,157
v_Diving_g12_c03.avi,190
v_Diving_g12_c04.avi,201
v_Diving_g12_c05.avi,277
v_Diving_g12_c06.avi,307
v_Diving_g12_c07.avi,212
v_Diving_g13_c01.avi,225
v_Diving_g13_c02.avi,152
v_Diving_g13_c03.avi,170
v_Diving_g13_c04.avi,130
v_Diving_g13_c05.avi,161
v_Diving_g13_c06.avi,126
v_Diving_g13_c07.avi,181
v_Diving_g14_c01.avi,217
v_Diving_g14_c02.avi,303
v_Diving_g14_c03.avi,221
v_Diving_g14_c04.avi,202
v_Diving_g15_c01.avi,175
v_Diving_g15_c02.avi,200
v_Diving_g15_c03.avi,142
v_Diving_g15_c04.avi,145
v_Diving_g15_c05.avi,209
v_Diving_g15_c06.avi,194
v_Diving_g15_c07.avi,212
v_Diving_g16_c01.avi,309
v_Diving_g16_c02.avi,171
v_Diving_g16_c03.avi,203
v_Diving_g16_c04.avi,110
v_Diving_g16_c05.avi,246
v_Diving_g17_c01.avi,300
v_Diving_g17_c02.avi,152
v_Diving_g17_c03.avi,152
v_Diving_g17_c04.avi,107
v_Diving_g18_c01.avi,255
v_Diving_g18_c02.avi,71
v_Diving_g18_c03.avi,153
v_Diving_g18_c04.avi,135
v_Diving_g19_c01.avi,206
v_Diving_g19_c02.avi,170
v_Diving_g19_c03.avi,170
v_Diving_g19_c04.avi,206
v_Diving_g20_c01.avi,89
v_Diving_g20_c02.avi,110
v_Diving_g20_c03.avi,105
v_Diving_g20_c04.avi,150
v_Diving_g20_c05.avi,91
v_Diving_g20_c06.avi,113
v_Diving_g20_c07.avi,150
v_Diving_g21_c01.avi,142
v_Diving_g21_c02.avi,186
v_Diving_g21_c03.avi,262
v_Diving_g21_c04.avi,321
v_Diving_g21_c05.avi,180
v_Diving_g21_c06.avi,191
v_Diving_g21_c07.avi,181
v_Diving_g22_c01.avi,148
v_Diving_g22_c02.avi,152
v_Diving_g22_c03.avi,135
v_Diving_g22_c04.avi,219
v_Diving_g22_c05.avi,161
v_Diving_g22_c06.avi,178
v_Diving_g23_c01.avi,132
v_Diving_g23_c02.avi,85
v_Diving_g23_c03.avi,159
v_Diving_g23_c04.avi,201
v_Diving_g23_c05.avi,188
v_Diving_g23_c06.avi,382
v_Diving_g24_c01.avi,111
v_Diving_g24_c02.avi,138
v_Diving_g24_c03.avi,149
v_Diving_g24_c04.avi,161
v_Diving_g24_c05.avi,140
v_Diving_g24_c06.avi,169
v_Diving_g24_c07.avi,142
v_Diving_g25_c01.avi,124
v_Diving_g25_c02.avi,104
v_Diving_g25_c03.avi,145
v_Diving_g25_c04.avi,148
v_FrisbeeCatch_g01_c01.avi,102
v_FrisbeeCatch_g01_c02.avi,63
v_FrisbeeCatch_g01_c03.avi,99
v_FrisbeeCatch_g01_c04.avi,90
v_FrisbeeCatch_g01_c05.avi,84
v_FrisbeeCatch_g01_c06.avi,101
v_FrisbeeCatch_g02_c01.avi,107
v_FrisbeeCatch_g02_c02.avi,85
v_FrisbeeCatch_g02_c03.avi,98
v_FrisbeeCatch_g02_c04.avi,105
v_FrisbeeCatch_g02_c05.avi,89
v_FrisbeeCatch_g03_c01.avi,68
v_FrisbeeCatch_g03_c02.avi,98
v_FrisbeeCatch_g03_c03.avi,56
v_FrisbeeCatch_g03_c04.avi,94
v_FrisbeeCatch_g03_c05.avi,56
v_FrisbeeCatch_g04_c01.avi,76
v_FrisbeeCatch_g04_c02.avi,68
v_FrisbeeCatch_g04_c03.avi,67
v_FrisbeeCatch_g04_c04.avi,62
v_FrisbeeCatch_g04_c05.avi,82
v_FrisbeeCatch_g05_c01.avi,69
v_FrisbeeCatch_g05_c02.avi,88
v_FrisbeeCatch_g05_c03.avi,56
v_FrisbeeCatch_g05_c04.avi,70
v_FrisbeeCatch_g05_c05.avi,73
v_FrisbeeCatch_g06_c01.avi,73
v_FrisbeeCatch_g06_c02.avi,100
v_FrisbeeCatch_g06_c03.avi,84
v_FrisbeeCatch_g06_c04.avi,110
v_FrisbeeCatch_g06_c05.avi,89
v_FrisbeeCatch_g07_c01.avi,110
v_FrisbeeCatch_g07_c02.avi,120
v_FrisbeeCatch_g07_c03.avi,139
v_FrisbeeCatch_g07_c04.avi,65
v_FrisbeeCatch_g07_c05.avi,78
v_FrisbeeCatch_g07_c06.avi,125
v_FrisbeeCatch_g08_c01.avi,73
v_FrisbeeCatch_g08_c02.avi,76
v_FrisbeeCatch_g08_c03.avi,78
v_FrisbeeCatch_g08_c04.avi,133
v_FrisbeeCatch_g08_c05.avi,115
v_FrisbeeCatch_g09_c01.avi,71
v_FrisbeeCatch_g09_c02.avi,71
v_FrisbeeCatch_g09_c03.avi,68
v_FrisbeeCatch_g09_c04.avi,65
v_FrisbeeCatch_g09_c05.avi,74
v_FrisbeeCatch_g10_c01.avi,135
v_FrisbeeCatch_g10_c02.avi,92
v_FrisbeeCatch_g10_c03.avi,137
v_FrisbeeCatch_g10_c04.avi,69
v_FrisbeeCatch_g10_c05.avi,74
v_FrisbeeCatch_g10_c06.avi,92
v_FrisbeeCatch_g11_c01.avi,70
v_FrisbeeCatch_g11_c02.avi,104
v_FrisbeeCatch_g11_c03.avi,80
v_FrisbeeCatch_g11_c04.avi,83
v_FrisbeeCatch_g12_c01.avi,67
v_FrisbeeCatch_g12_c02.avi,71
v_FrisbeeCatch_g12_c03.avi,80
v_FrisbeeCatch_g12_c04.avi,76
v_FrisbeeCatch_g12_c05.avi,71
v_FrisbeeCatch_g13_c01.avi,111
v_FrisbeeCatch_g13_c02.avi,72
v_FrisbeeCatch_g13_c03.avi,109
v_FrisbeeCatch_g13_c04.avi,70
v_FrisbeeCatch_g14_c01.avi,126
v_FrisbeeCatch_g14_c02.avi,64
v_FrisbeeCatch_g14_c03.avi,85
v_FrisbeeCatch_g14_c04.avi,65
v_FrisbeeCatch_g14_c05.avi,70
v_FrisbeeCatch_g15_c01.avi,85
v_FrisbeeCatch_g15_c02.avi,122
v_FrisbeeCatch_g15_c03.avi,77
v_FrisbeeCatch_g15_c04.avi,81
v_FrisbeeCatch_g16_c01.avi,90
v_FrisbeeCatch_g16_c02.avi,89
v_FrisbeeCatch_g16_c03.avi,100
v_FrisbeeCatch_g16_c04.avi,119
v_FrisbeeCatch_g16_c05.avi,67
v_FrisbeeCatch_g16_c06.avi,117
v_FrisbeeCatch_g17_c01.avi,134
v_FrisbeeCatch_g17_c02.avi,106
v_FrisbeeCatch_g17_c03.avi,151
v_FrisbeeCatch_g17_c04.avi,145
v_FrisbeeCatch_g17_c05.avi,128
v_FrisbeeCatch_g18_c01.avi,108
v_FrisbeeCatch_g18_c02.avi,135
v_FrisbeeCatch_g18_c03.avi,93
v_FrisbeeCatch_g18_c04.avi,73
v_FrisbeeCatch_g18_c05.avi,99
v_FrisbeeCatch_g19_c01.avi,72
v_FrisbeeCatch_g19_c02.avi,95
v_FrisbeeCatch_g19_c03.avi,97
v_FrisbeeCatch_g19_c04.avi,92
v_FrisbeeCatch_g19_c05.avi,150
v_FrisbeeCatch_g19_c06.avi,130
v_FrisbeeCatch_g20_c01.avi,75
v_FrisbeeCatch_g20_c02.avi,110
v_FrisbeeCatch_g20_c03.avi,74
v_FrisbeeCatch_g20_c04.avi,130
v_FrisbeeCatch_g20_c05.avi,85
v_FrisbeeCatch_g20_c06.avi,96
v_FrisbeeCatch_g21_c01.avi,143
v_FrisbeeCatch_g21_c02.avi,108
v_FrisbeeCatch_g21_c03.avi,137
v_FrisbeeCatch_g21_c04.avi,81
v_FrisbeeCatch_g21_c05.avi,87
v_FrisbeeCatch_g22_c01.avi,152
v_FrisbeeCatch_g22_c02.avi,109
v_FrisbeeCatch_g22_c03.avi,85
v_FrisbeeCatch_g22_c04.avi,85
v_FrisbeeCatch_g22_c05.avi,98
v_FrisbeeCatch_g22_c06.avi,81
v_FrisbeeCatch_g23_c01.avi,107
v_FrisbeeCatch_g23_c02.avi,96
v_FrisbeeCatch_g23_c03.avi,96
v_FrisbeeCatch_g23_c04.avi,94
v_FrisbeeCatch_g24_c01.avi,112
v_FrisbeeCatch_g24_c02.avi,79
v_FrisbeeCatch_g24_c03.avi,78
v_FrisbeeCatch_g24_c04.avi,115
v_FrisbeeCatch_g25_c01.avi,110
v_FrisbeeCatch_g25_c02.avi,90
v_FrisbeeCatch_g25_c03.avi,145
v_FrisbeeCatch_g25_c04.avi,112
v_GolfSwing_g01_c01.avi,171
v_GolfSwing_g01_c02.avi,95
v_GolfSwing_g01_c03.avi,190
v_GolfSwing_g01_c04.avi,73
v_GolfSwing_g01_c05.avi,608
v_GolfSwing_g01_c06.avi,512
v_GolfSwing_g02_c01.avi,139
v_GolfSwing_g02_c02.avi,116
v_GolfSwing_g02_c03.avi,91
v_GolfSwing_g02_c04.avi,120
v_GolfSwing_g03_c01.avi,131
v_GolfSwing_g03_c02.avi,112
v_GolfSwing_g03_c03.avi,179
v_GolfSwing_g03_c04.avi,144
v_GolfSwing_g03_c05.avi,145
v_GolfSwing_g03_c06.avi,251
v_GolfSwing_g03_c07.avi,169
v_GolfSwing_g04_c01.avi,124
v_GolfSwing_g04_c02.avi,121
v_GolfSwing_g04_c03.avi,170
v_GolfSwing_g04_c04.avi,182
v_GolfSwing_g04_c05.avi,344
v_GolfSwing_g04_c06.avi,232
v_GolfSwing_g05_c01.avi,113
v_GolfSwing_g05_c02.avi,95
v_GolfSwing_g05_c03.avi,100
v_GolfSwing_g05_c04.avi,161
v_GolfSwing_g05_c05.avi,117
v_GolfSwing_g05_c06.avi,179
v_GolfSwing_g05_c07.avi,130
v_GolfSwing_g06_c01.avi,156
v_GolfSwing_g06_c02.avi,108
v_GolfSwing_g06_c03.avi,90
v_GolfSwing_g06_c04.avi,126
v_GolfSwing_g07_c01.avi,151
v_GolfSwing_g07_c02.avi,100
v_GolfSwing_g07_c03.avi,126
v_GolfSwing_g07_c04.avi,110
v_GolfSwing_g07_c05.avi,133
v_GolfSwing_g08_c01.avi,140
v_GolfSwing_g08_c02.avi,172
v_GolfSwing_g08_c03.avi,180
v_GolfSwing_g08_c04.avi,170
v_GolfSwing_g08_c05.avi,167
v_GolfSwing_g08_c06.avi,266
v_GolfSwing_g09_c01.avi,116
v_GolfSwing_g09_c02.avi,200
v_GolfSwing_g09_c03.avi,194
v_GolfSwing_g09_c04.avi,257
v_GolfSwing_g10_c01.avi,107
v_GolfSwing_g10_c02.avi,148
v_GolfSwing_g10_c03.avi,144
v_GolfSwing_g10_c04.avi,116
v_GolfSwing_g11_c01.avi,117
v_GolfSwing_g11_c02.avi,108
v_GolfSwing_g11_c03.avi,135
v_GolfSwing_g11_c04.avi,130
v_GolfSwing_g11_c05.avi,131
v_GolfSwing_g11_c06.avi,98
v_GolfSwing_g11_c07.avi,128
v_GolfSwing_g12_c01.avi,101
v_GolfSwing_g12_c02.avi,64
v_GolfSwing_g12_c03.avi,83
v_GolfSwing_g12_c04.avi,89
v_GolfSwing_g13_c01.avi,283
v_GolfSwing_g13_c02.avi,234
v_GolfSwing_g13_c03.avi,97
v_GolfSwing_g13_c04.avi,237
v_GolfSwing_g14_c01.avi,133
v_GolfSwing_g14_c02.avi,156
v_GolfSwing_g14_c03.avi,87
v_GolfSwing_g14_c04.avi,108
v_GolfSwing_g15_c01.avi,215
v_GolfSwing_g15_c02.avi,258
v_GolfSwing_g15_c03.avi,163
v_GolfSwing_g15_c04.avi,230
v_GolfSwing_g16_c01.avi,121
v_GolfSwing_g16_c02.avi,83
v_GolfSwing_g16_c03.avi,124
v_GolfSwing_g16_c04.avi,128
v_GolfSwing_g17_c01.avi,72
v_GolfSwing_g17_c02.avi,124
v_GolfSwing_g17_c03.avi,77
v_GolfSwing_g17_c04.avi,81
v_GolfSwing_g17_c05.avi,155
v_GolfSwing_g17_c06.avi,142
v_GolfSwing_g17_c07.avi,199
v_GolfSwing_g18_c01.avi,154
v_GolfSwing_g18_c02.avi,139
v_GolfSwing_g18_c03.avi,114
v_GolfSwing_g18_c04.avi,96
v_GolfSwing_g18_c05.avi,640
v_GolfSwing_g18_c06.avi,384
v_GolfSwing_g19_c01.avi,200
v_GolfSwing_g19_c02.avi,110
v_GolfSwing_g19_c03.avi,189
v_GolfSwing_g19_c04.avi,148
v_GolfSwing_g19_c05.avi,287
v_GolfSwing_g19_c06.avi,294
v_GolfSwing_g20_c01.avi,228
v_GolfSwing_g20_c02.avi,151
v_GolfSwing_g20_c03.avi,118
v_GolfSwing_g20_c04.avi,120
v_GolfSwing_g20_c05.avi,216
v_GolfSwing_g20_c06.avi,238
v_GolfSwing_g20_c07.avi,133
v_GolfSwing_g21_c01.avi,158
v_GolfSwing_g21_c02.avi,96
v_GolfSwing_g21_c03.avi,109
v_GolfSwing_g21_c04.avi,169
v_GolfSwing_g21_c05.avi,192
v_GolfSwing_g21_c06.avi,145
v_GolfSwing_g22_c01.avi,247
v_GolfSwing_g22_c02.avi,243
v_GolfSwing_g22_c03.avi,274
v_GolfSwing_g22_c04.avi,198
v_GolfSwing_g22_c05.avi,152
v_GolfSwing_g22_c06.avi,99
v_GolfSwing_g23_c01.avi,200
v_GolfSwing_g23_c02.avi,166
v_GolfSwing_g23_c03.avi,148
v_GolfSwing_g23_c04.avi,127
v_GolfSwing_g23_c05.avi,240
v_GolfSwing_g23_c06.avi,289
v_GolfSwing_g23_c07.avi,144
v_GolfSwing_g24_c01.avi,148
v_GolfSwing_g24_c02.avi,157
v_GolfSwing_g24_c03.avi,161
v_GolfSwing_g24_c04.avi,161
v_GolfSwing_g24_c05.avi,76
v_GolfSwing_g24_c06.avi,106
v_GolfSwing_g24_c07.avi,145
v_GolfSwing_g25_c01.avi,160
v_GolfSwing_g25_c02.avi,129
v_GolfSwing_g25_c03.avi,144
v_GolfSwing_g25_c04.avi,127
v_GolfSwing_g25_c05.avi,120
v_GolfSwing_g25_c06.avi,128
v_GolfSwing_g25_c07.avi,157
v_HammerThrow_g01_c01.avi,112
v_HammerThrow_g01_c02.avi,246
v_HammerThrow_g01_c03.avi,153
v_HammerThrow_g01_c04.avi,239
v_HammerThrow_g01_c05.avi,153
v_HammerThrow_g01_c06.avi,193
v_HammerThrow_g02_c01.avi,269
v_HammerThrow_g02_c02.avi,258
v_HammerThrow_g02_c03.avi,210
v_HammerThrow_g02_c04.avi,222
v_HammerThrow_g02_c05.avi,257
v_HammerThrow_g02_c06.avi,210
v_HammerThrow_g02_c07.avi,234
v_HammerThrow_g03_c01.avi,210
v_HammerThrow_g03_c02.avi,238
v_HammerThrow_g03_c03.avi,165
v_HammerThrow_g03_c04.avi,210
v_HammerThrow_g03_c05.avi,182
v_HammerThrow_g03_c06.avi,252
v_HammerThrow_g03_c07.avi,224
v_HammerThrow_g04_c01.avi,120
v_HammerThrow_g04_c02.avi,84
v_HammerThrow_g04_c03.avi,105
v_HammerThrow_g04_c04.avi,88
v_HammerThrow_g04_c05.avi,101
v_HammerThrow_g04_c06.avi,103
v_HammerThrow_g04_c07.avi,88
v_HammerThrow_g05_c01.avi,244
v_HammerThrow_g05_c02.avi,260
v_HammerThrow_g05_c03.avi,228
v_HammerThrow_g05_c04.avi,252
v_HammerThrow_g05_c05.avi,245
v_HammerThrow_g05_c06.avi,260
v_HammerThrow_g06_c01.avi,241
v_HammerThrow_g06_c02.avi,130
v_HammerThrow_g06_c03.avi,159
v_HammerThrow_g06_c04.avi,248
v_HammerThrow_g06_c05.avi,233
v_HammerThrow_g06_c06.avi,137
v_HammerThrow_g06_c07.avi,226
v_HammerThrow_g07_c01.avi,110
v_HammerThrow_g07_c02.avi,110
v_HammerThrow_g07_c03.avi,138
v_HammerThrow_g07_c04.avi,83
v_HammerThrow_g07_c05.avi,87
v_HammerThrow_g08_c01.avi,201
v_HammerThrow_g08_c02.avi,184
v_HammerThrow_g08_c03.avi,201
v_HammerThrow_g08_c04.avi,201
v_HammerThrow_g08_c05.avi,200
v_HammerThrow_g08_c06.avi,165
v_HammerThrow_g09_c01.avi,132
v_HammerThrow_g09_c02.avi,129
v_HammerThrow_g09_c03.avi,149
v_HammerThrow_g09_c04.avi,164
v_HammerThrow_g09_c05.avi,136
v_HammerThrow_g09_c06.avi,135
v_HammerThrow_g09_c07.avi,142
v_HammerThrow_g10_c01.avi,251
v_HammerThrow_g10_c02.avi,180
v_HammerThrow_g10_c03.avi,171
v_HammerThrow_g10_c04.avi,236
v_HammerThrow_g10_c05.avi,230
v_HammerThrow_g10_c06.avi,128
v_HammerThrow_g10_c07.avi,208
v_HammerThrow_g11_c01.avi,141
v_HammerThrow_g11_c02.avi,100
v_HammerThrow_g11_c03.avi,156
v_HammerThrow_g11_c04.avi,148
v_HammerThrow_g11_c05.avi,161
v_HammerThrow_g11_c06.avi,137
v_HammerThrow_g12_c01.avi,181
v_HammerThrow_g12_c02.avi,181
v_HammerThrow_g12_c03.avi,196
v_HammerThrow_g12_c04.avi,158
v_HammerThrow_g12_c05.avi,166
v_HammerThrow_g12_c06.avi,188
v_HammerThrow_g12_c07.avi,196
v_HammerThrow_g13_c01.avi,179
v_HammerThrow_g13_c02.avi,89
v_HammerThrow_g13_c03.avi,134
v_HammerThrow_g13_c04.avi,90
v_HammerThrow_g13_c05.avi,166
v_HammerThrow_g13_c06.avi,178
v_HammerThrow_g13_c07.avi,166
v_HammerThrow_g14_c01.avi,173
v_HammerThrow_g14_c02.avi,224
v_HammerThrow_g14_c03.avi,177
v_HammerThrow_g14_c04.avi,181
v_HammerThrow_g14_c05.avi,90
v_HammerThrow_g14_c06.avi,185
v_HammerThrow_g15_c01.avi,233
v_HammerThrow_g15_c02.avi,237
v_HammerThrow_g15_c03.avi,224
v_HammerThrow_g15_c04.avi,210
v_HammerThrow_g15_c05.avi,226
v_HammerThrow_g16_c01.avi,162
v_HammerThrow_g16_c02.avi,114
v_HammerThrow_g16_c03.avi,119
v_HammerThrow_g16_c04.avi,147
v_HammerThrow_g17_c01.avi,151
v_HammerThrow_g17_c02.avi,156
v_HammerThrow_g17_c03.avi,182
v_HammerThrow_g17_c04.avi,179
v_HammerThrow_g17_c05.avi,176
v_HammerThrow_g18_c01.avi,101
v_HammerThrow_g18_c02.avi,138
v_HammerThrow_g18_c03.avi,130
v_HammerThrow_g18_c04.avi,155
v_HammerThrow_g18_c05.avi,115
v_HammerThrow_g19_c01.avi,197
v_HammerThrow_g19_c02.avi,174
v_HammerThrow_g19_c03.avi,164
v_HammerThrow_g19_c04.avi,208
v_HammerThrow_g19_c05.avi,208
v_HammerThrow_g19_c06.avi,240
v_HammerThrow_g19_c07.avi,196
v_HammerThrow_g20_c01.avi,202
v_HammerThrow_g20_c02.avi,191
v_HammerThrow_g20_c03.avi,190
v_HammerThrow_g20_c04.avi,118
v_HammerThrow_g20_c05.avi,203
v_HammerThrow_g21_c01.avi,186
v_HammerThrow_g21_c02.avi,231
v_HammerThrow_g21_c03.avi,146
v_HammerThrow_g21_c04.avi,138
v_HammerThrow_g21_c05.avi,138
v_HammerThrow_g22_c01.avi,153
v_HammerThrow_g22_c02.avi,180
v_HammerThrow_g22_c03.avi,164
v_HammerThrow_g22_c04.avi,131
v_HammerThrow_g22_c05.avi,133
v_HammerThrow_g22_c06.avi,133
v_HammerThrow_g22_c07.avi,153
v_HammerThrow_g23_c01.avi,206
v_HammerThrow_g23_c02.avi,124
v_HammerThrow_g23_c03.avi,228
v_HammerThrow_g23_c04.avi,149
v_HammerThrow_g23_c05.avi,138
v_HammerThrow_g23_c06.avi,204
v_HammerThrow_g23_c07.avi,192
v_HammerThrow_g24_c01.avi,196
v_HammerThrow_g24_c02.avi,146
v_HammerThrow_g24_c03.avi,160
v_HammerThrow_g24_c04.avi,138
v_HammerThrow_g25_c01.avi,121
v_HammerThrow_g25_c02.avi,92
v_HammerThrow_g25_c03.avi,124
v_HammerThrow_g25_c04.avi,190
v_HammerThrow_g25_c05.avi,128
v_HighJump_g01_c01.avi,154
v_HighJump_g01_c02.avi,153
v_HighJump_g01_c03.avi,101
v_HighJump_g01_c04.avi,178
v_HighJump_g01_c05.avi,231
v_HighJump_g02_c01.avi,136
v_HighJump_g02_c02.avi,136
v_HighJump_g02_c03.avi,120
v_HighJump_g02_c04.avi,103
v_HighJump_g02_c05.avi,152
v_HighJump_g02_c06.avi,143
v_HighJump_g02_c07.avi,127
v_HighJump_g03_c01.avi,107
v_HighJump_g03_c02.avi,137
v_HighJump_g03_c03.avi,91
v_HighJump_g03_c04.avi,182
v_HighJump_g04_c01.avi,95
v_HighJump_g04_c02.avi,143
v_HighJump_g04_c03.avi,143
v_HighJump_g04_c04.avi,107
v_HighJump_g04_c05.avi,108
v_HighJump_g04_c06.avi,131
v_HighJump_g05_c01.avi,120
v_HighJump_g05_c02.avi,70
v_HighJump_g05_c03.avi,73
v_HighJump_g05_c04.avi,120
v_HighJump_g05_c05.avi,98
v_HighJump_g06_c01.avi,107
v_HighJump_g06_c02.avi,131
v_HighJump_g06_c03.avi,156
v_HighJump_g06_c04.avi,104
v_HighJump_g07_c01.avi,115
v_HighJump_g07_c02.avi,97
v_HighJump_g07_c03.avi,122
v_HighJump_g07_c04.avi,101
v_HighJump_g07_c05.avi,90
v_HighJump_g07_c06.avi,79
v_HighJump_g08_c01.avi,121
v_HighJump_g08_c02.avi,116
v_HighJump_g08_c03.avi,122
v_HighJump_g08_c04.avi,111
v_HighJump_g08_c05.avi,138
v_HighJump_g09_c01.avi,141
v_HighJump_g09_c02.avi,90
v_HighJump_g09_c03.avi,66
v_HighJump_g09_c04.avi,95
v_HighJump_g09_c05.avi,104
v_HighJump_g10_c01.avi,116
v_HighJump_g10_c02.avi,116
v_HighJump_g10_c03.avi,135
v_HighJump_g10_c04.avi,120
v_HighJump_g11_c01.avi,95
v_HighJump_g11_c02.avi,87
v_HighJump_g11_c03.avi,107
v_HighJump_g11_c04.avi,71
v_HighJump_g11_c05.avi,71
v_HighJump_g11_c06.avi,131
v_HighJump_g11_c07.avi,71
v_HighJump_g12_c01.avi,107
v_HighJump_g12_c02.avi,100
v_HighJump_g12_c03.avi,91
v_HighJump_g12_c04.avi,96
v_HighJump_g13_c01.avi,117
v_HighJump_g13_c02.avi,79
v_HighJump_g13_c03.avi,109
v_HighJump_g13_c04.avi,121
v_HighJump_g13_c05.avi,99
v_HighJump_g14_c01.avi,100
v_HighJump_g14_c02.avi,140
v_HighJump_g14_c03.avi,133
v_HighJump_g14_c04.avi,145
v_HighJump_g15_c01.avi,85
v_HighJump_g15_c02.avi,90
v_HighJump_g15_c03.avi,122
v_HighJump_g15_c04.avi,126
v_HighJump_g16_c01.avi,90
v_HighJump_g16_c02.avi,70
v_HighJump_g16_c03.avi,80
v_HighJump_g16_c04.avi,63
v_HighJump_g16_c05.avi,89
v_HighJump_g17_c01.avi,133
v_HighJump_g17_c02.avi,141
v_HighJump_g17_c03.avi,115
v_HighJump_g17_c04.avi,114
v_HighJump_g18_c01.avi,71
v_HighJump_g18_c02.avi,71
v_HighJump_g18_c03.avi,132
v_HighJump_g18_c04.avi,117
v_HighJump_g19_c01.avi,120
v_HighJump_g19_c02.avi,80
v_HighJump_g19_c03.avi,60
v_HighJump_g19_c04.avi,153
v_HighJump_g19_c05.avi,116
v_HighJump_g20_c01.avi,105
v_HighJump_g20_c02.avi,100
v_HighJump_g20_c03.avi,100
v_HighJump_g20_c04.avi,90
v_HighJump_g20_c05.avi,110
v_HighJump_g21_c01.avi,134
v_HighJump_g21_c02.avi,137
v_HighJump_g21_c03.avi,125
v_HighJump_g21_c04.avi,131
v_HighJump_g22_c01.avi,107
v_HighJump_g22_c02.avi,107
v_HighJump_g22_c03.avi,120
v_HighJump_g22_c04.avi,135
v_HighJump_g22_c05.avi,94
v_HighJump_g23_c01.avi,107
v_HighJump_g23_c02.avi,155
v_HighJump_g23_c03.avi,132
v_HighJump_g23_c04.avi,84
v_HighJump_g23_c05.avi,100
v_HighJump_g23_c06.avi,120
v_HighJump_g24_c01.avi,59
v_HighJump_g24_c02.avi,73
v_HighJump_g24_c03.avi,97
v_HighJump_g24_c04.avi,131
v_HighJump_g24_c05.avi,72
v_HighJump_g25_c01.avi,95
v_HighJump_g25_c02.avi,119
v_HighJump_g25_c03.avi,84
v_HighJump_g25_c04.avi,95
v_HighJump_g25_c05.avi,95
v_JavelinThrow_g01_c01.avi,119
v_JavelinThrow_g01_c02.avi,143
v_JavelinThrow_g01_c03.avi,138
v_JavelinThrow_g01_c04.avi,109
v_JavelinThrow_g02_c01.avi,70
v_JavelinThrow_g02_c02.avi,110
v_JavelinThrow_g02_c03.avi,80
v_JavelinThrow_g02_c04.avi,141
v_JavelinThrow_g03_c01.avi,145
v_JavelinThrow_g03_c02.avi,150
v_JavelinThrow_g03_c03.avi,130
v_JavelinThrow_g03_c04.avi,60
v_JavelinThrow_g04_c01.avi,131
v_JavelinThrow_g04_c02.avi,166
v_JavelinThrow_g04_c03.avi,122
v_JavelinThrow_g04_c04.avi,119
v_JavelinThrow_g05_c01.avi,70
v_JavelinThrow_g05_c02.avi,87
v_JavelinThrow_g05_c03.avi,97
v_JavelinThrow_g05_c04.avi,158
v_JavelinThrow_g05_c05.avi,80
v_JavelinThrow_g05_c06.avi,50
v_JavelinThrow_g06_c01.avi,155
v_JavelinThrow_g06_c02.avi,162
v_JavelinThrow_g06_c03.avi,141
v_JavelinThrow_g06_c04.avi,134
v_JavelinThrow_g07_c01.avi,76
v_JavelinThrow_g07_c02.avi,59
v_JavelinThrow_g07_c03.avi,65
v_JavelinThrow_g07_c04.avi,89
v_JavelinThrow_g07_c05.avi,71
v_JavelinThrow_g08_c01.avi,83
v_JavelinThrow_g08_c02.avi,95
v_JavelinThrow_g08_c03.avi,131
v_JavelinThrow_g08_c04.avi,71
v_JavelinThrow_g09_c01.avi,115
v_JavelinThrow_g09_c02.avi,83
v_JavelinThrow_g09_c03.avi,108
v_JavelinThrow_g09_c04.avi,135
v_JavelinThrow_g10_c01.avi,71
v_JavelinThrow_g10_c02.avi,47
v_JavelinThrow_g10_c03.avi,71
v_JavelinThrow_g10_c04.avi,131
v_JavelinThrow_g10_c05.avi,83
v_JavelinThrow_g11_c01.avi,146
v_JavelinThrow_g11_c02.avi,143
v_JavelinThrow_g11_c03.avi,119
v_JavelinThrow_g11_c04.avi,131
v_JavelinThrow_g11_c05.avi,163
v_JavelinThrow_g11_c06.avi,143
v_JavelinThrow_g12_c01.avi,80
v_JavelinThrow_g12_c02.avi,110
v_JavelinThrow_g12_c03.avi,70
v_JavelinThrow_g12_c04.avi,60
v_JavelinThrow_g13_c01.avi,100
v_JavelinThrow_g13_c02.avi,110
v_JavelinThrow_g13_c03.avi,130
v_JavelinThrow_g13_c04.avi,105
v_JavelinThrow_g14_c01.avi,50
v_JavelinThrow_g14_c02.avi,50
v_JavelinThrow_g14_c03.avi,50
v_JavelinThrow_g14_c04.avi,50
v_JavelinThrow_g14_c05.avi,50
v_JavelinThrow_g14_c06.avi,50
v_JavelinThrow_g15_c01.avi,71
v_JavelinThrow_g15_c02.avi,59
v_JavelinThrow_g15_c03.avi,81
v_JavelinThrow_g15_c04.avi,72
v_JavelinThrow_g15_c05.avi,85
v_JavelinThrow_g15_c06.avi,83
v_JavelinThrow_g16_c01.avi,156
v_JavelinThrow_g16_c02.avi,131
v_JavelinThrow_g16_c03.avi,83
v_JavelinThrow_g16_c04.avi,95
v_JavelinThrow_g16_c05.avi,169
v_JavelinThrow_g16_c06.avi,167
v_JavelinThrow_g17_c01.avi,95
v_JavelinThrow_g17_c02.avi,60
v_JavelinThrow_g17_c03.avi,90
v_JavelinThrow_g17_c04.avi,94
v_JavelinThrow_g17_c05.avi,95
v_JavelinThrow_g18_c01.avi,69
v_JavelinThrow_g18_c02.avi,70
v_JavelinThrow_g18_c03.avi,90
v_JavelinThrow_g18_c04.avi,91
v_JavelinThrow_g19_c01.avi,80
v_JavelinThrow_g19_c02.avi,100
v_JavelinThrow_g19_c03.avi,113
v_JavelinThrow_g19_c04.avi,83
v_JavelinThrow_g20_c01.avi,60
v_JavelinThrow_g20_c02.avi,62
v_JavelinThrow_g20_c03.avi,60
v_JavelinThrow_g20_c04.avi,60
v_JavelinThrow_g21_c01.avi,71
v_JavelinThrow_g21_c02.avi,59
v_JavelinThrow_g21_c03.avi,59
v_JavelinThrow_g21_c04.avi,59
v_JavelinThrow_g22_c01.avi,55
v_JavelinThrow_g22_c02.avi,87
v_JavelinThrow_g22_c03.avi,90
v_JavelinThrow_g22_c04.avi,115
v_JavelinThrow_g23_c01.avi,163
v_JavelinThrow_g23_c02.avi,140
v_JavelinThrow_g23_c03.avi,164
v_JavelinThrow_g23_c04.avi,135
v_JavelinThrow_g23_c05.avi,133
v_JavelinThrow_g24_c01.avi,90
v_JavelinThrow_g24_c02.avi,127
v_JavelinThrow_g24_c03.avi,130
v_JavelinThrow_g24_c04.avi,88
v_JavelinThrow_g24_c05.avi,123
v_JavelinThrow_g24_c06.avi,67
v_JavelinThrow_g25_c01.avi,135
v_JavelinThrow_g25_c02.avi,80
v_JavelinThrow_g25_c03.avi,152
v_JavelinThrow_g25_c04.avi,100
v_JavelinThrow_g25_c05.avi,131
v_LongJump_g01_c01.avi,142
v_LongJump_g01_c02.avi,177
v_LongJump_g01_c03.avi,141
v_LongJump_g01_c04.avi,125
v_LongJump_g01_c05.avi,152
v_LongJump_g01_c06.avi,98
v_LongJump_g01_c07.avi,122
v_LongJump_g02_c01.avi,109
v_LongJump_g02_c02.avi,115
v_LongJump_g02_c03.avi,145
v_LongJump_g02_c04.avi,115
v_LongJump_g02_c05.avi,84
v_LongJump_g03_c01.avi,73
v_LongJump_g03_c02.avi,89
v_LongJump_g03_c03.avi,107
v_LongJump_g03_c04.avi,93
v_LongJump_g03_c05.avi,108
v_LongJump_g03_c06.avi,96
v_LongJump_g04_c01.avi,115
v_LongJump_g04_c02.avi,140
v_LongJump_g04_c03.avi,140
v_LongJump_g04_c04.avi,124
v_LongJump_g04_c05.avi,116
v_LongJump_g04_c06.avi,149
v_LongJump_g04_c07.avi,117
v_LongJump_g05_c01.avi,110
v_LongJump_g05_c02.avi,91
v_LongJump_g05_c03.avi,133
v_LongJump_g05_c04.avi,131
v_LongJump_g05_c05.avi,145
v_LongJump_g06_c01.avi,85
v_LongJump_g06_c02.avi,80
v_LongJump_g06_c03.avi,135
v_LongJump_g06_c04.avi,125
v_LongJump_g07_c01.avi,122
v_LongJump_g07_c02.avi,170
v_LongJump_g07_c03.avi,101
v_LongJump_g07_c04.avi,81
v_LongJump_g07_c05.avi,117
v_LongJump_g08_c01.avi,133
v_LongJump_g08_c02.avi,149
v_LongJump_g08_c03.avi,149
v_LongJump_g08_c04.avi,149
v_LongJump_g08_c05.avi,149
v_LongJump_g08_c06.avi,140
v_LongJump_g09_c01.avi,119
v_LongJump_g09_c02.avi,95
v_LongJump_g09_c03.avi,94
v_LongJump_g09_c04.avi,139
v_LongJump_g09_c05.avi,100
v_LongJump_g09_c06.avi,80
v_LongJump_g10_c01.avi,131
v_LongJump_g10_c02.avi,113
v_LongJump_g10_c03.avi,110
v_LongJump_g10_c04.avi,166
v_LongJump_g10_c05.avi,107
v_LongJump_g10_c06.avi,138
v_LongJump_g10_c07.avi,149
v_LongJump_g11_c01.avi,149
v_LongJump_g11_c02.avi,134
v_LongJump_g11_c03.avi,175
v_LongJump_g11_c04.avi,139
v_LongJump_g11_c05.avi,174
v_LongJump_g11_c06.avi,174
v_LongJump_g12_c01.avi,125
v_LongJump_g12_c02.avi,147
v_LongJump_g12_c03.avi,210
v_LongJump_g12_c04.avi,118
v_LongJump_g12_c05.avi,74
v_LongJump_g12_c06.avi,114
v_LongJump_g13_c01.avi,122
v_LongJump_g13_c02.avi,149
v_LongJump_g13_c03.avi,147
v_LongJump_g13_c04.avi,126
v_LongJump_g13_c05.avi,141
v_LongJump_g13_c06.avi,133
v_LongJump_g14_c01.avi,156
v_LongJump_g14_c02.avi,155
v_LongJump_g14_c03.avi,141
v_LongJump_g14_c04.avi,151
v_LongJump_g14_c05.avi,149
v_LongJump_g15_c01.avi,98
v_LongJump_g15_c02.avi,110
v_LongJump_g15_c03.avi,109
v_LongJump_g15_c04.avi,141
v_LongJump_g15_c05.avi,132
v_LongJump_g16_c01.avi,124
v_LongJump_g16_c02.avi,135
v_LongJump_g16_c03.avi,134
v_LongJump_g16_c04.avi,114
v_LongJump_g16_c05.avi,144
v_LongJump_g17_c01.avi,125
v_LongJump_g17_c02.avi,155
v_LongJump_g17_c03.avi,133
v_LongJump_g17_c04.avi,123
v_LongJump_g17_c05.avi,168
v_LongJump_g18_c01.avi,106
v_LongJump_g18_c02.avi,127
v_LongJump_g18_c03.avi,108
v_LongJump_g18_c04.avi,144
v_LongJump_g18_c05.avi,91
v_LongJump_g19_c01.avi,149
v_LongJump_g19_c02.avi,191
v_LongJump_g19_c03.avi,114
v_LongJump_g19_c04.avi,149
v_LongJump_g19_c05.avi,149
v_LongJump_g19_c06.avi,149
v_LongJump_g20_c01.avi,165
v_LongJump_g20_c02.avi,196
v_LongJump_g20_c03.avi,199
v_LongJump_g20_c04.avi,158
v_LongJump_g21_c01.avi,117
v_LongJump_g21_c02.avi,114
v_LongJump_g21_c03.avi,117
v_LongJump_g21_c04.avi,147
v_LongJump_g22_c01.avi,140
v_LongJump_g22_c02.avi,105
v_LongJump_g22_c03.avi,121
v_LongJump_g22_c04.avi,164
v_LongJump_g23_c01.avi,141
v_LongJump_g23_c02.avi,154
v_LongJump_g23_c03.avi,148
v_LongJump_g23_c04.avi,138
v_LongJump_g24_c01.avi,148
v_LongJump_g24_c02.avi,165
v_LongJump_g24_c03.avi,168
v_LongJump_g24_c04.avi,155
v_LongJump_g25_c01.avi,150
v_LongJump_g25_c02.avi,155
v_LongJump_g25_c03.avi,176
v_LongJump_g25_c04.avi,162
v_PoleVault_g01_c01.avi,195
v_PoleVault_g01_c02.avi,240
v_PoleVault_g01_c03.avi,208
v_PoleVault_g01_c04.avi,200
v_PoleVault_g01_c05.avi,194
v_PoleVault_g02_c01.avi,117
v_PoleVault_g02_c02.avi,79
v_PoleVault_g02_c03.avi,116
v_PoleVault_g02_c04.avi,100
v_PoleVault_g02_c05.avi,99
v_PoleVault_g02_c06.avi,96
v_PoleVault_g02_c07.avi,107
v_PoleVault_g03_c01.avi,180
v_PoleVault_g03_c02.avi,196
v_PoleVault_g03_c03.avi,221
v_PoleVault_g03_c04.avi,254
v_PoleVault_g03_c05.avi,175
v_PoleVault_g03_c06.avi,226
v_PoleVault_g03_c07.avi,271
v_PoleVault_g04_c01.avi,209
v_PoleVault_g04_c02.avi,217
v_PoleVault_g04_c03.avi,218
v_PoleVault_g04_c04.avi,185
v_PoleVault_g04_c05.avi,254
v_PoleVault_g04_c06.avi,185
v_PoleVault_g04_c07.avi,202
v_PoleVault_g05_c01.avi,215
v_PoleVault_g05_c02.avi,314
v_PoleVault_g05_c03.avi,200
v_PoleVault_g05_c04.avi,266
v_PoleVault_g05_c05.avi,160
v_PoleVault_g06_c01.avi,128
v_PoleVault_g06_c02.avi,153
v_PoleVault_g06_c03.avi,155
v_PoleVault_g06_c04.avi,277
v_PoleVault_g06_c05.avi,259
v_PoleVault_g07_c01.avi,259
v_PoleVault_g07_c02.avi,198
v_PoleVault_g07_c03.avi,220
v_PoleVault_g07_c04.avi,317
v_PoleVault_g08_c01.avi,205
v_PoleVault_g08_c02.avi,189
v_PoleVault_g08_c03.avi,170
v_PoleVault_g08_c04.avi,128
v_PoleVault_g09_c01.avi,154
v_PoleVault_g09_c02.avi,133
v_PoleVault_g09_c03.avi,139
v_PoleVault_g09_c04.avi,230
v_PoleVault_g10_c01.avi,256
v_PoleVault_g10_c02.avi,242
v_PoleVault_g10_c03.avi,300
v_PoleVault_g10_c04.avi,216
v_PoleVault_g10_c05.avi,143
v_PoleVault_g10_c06.avi,175
v_PoleVault_g10_c07.avi,185
v_PoleVault_g11_c01.avi,169
v_PoleVault_g11_c02.avi,176
v_PoleVault_g11_c03.avi,209
v_PoleVault_g11_c04.avi,198
v_PoleVault_g11_c05.avi,184
v_PoleVault_g12_c01.avi,93
v_PoleVault_g12_c02.avi,223
v_PoleVault_g12_c03.avi,85
v_PoleVault_g12_c04.avi,176
v_PoleVault_g12_c05.avi,117
v_PoleVault_g12_c06.avi,114
v_PoleVault_g12_c07.avi,115
v_PoleVault_g13_c01.avi,291
v_PoleVault_g13_c02.avi,158
v_PoleVault_g13_c03.avi,130
v_PoleVault_g13_c04.avi,126
v_PoleVault_g13_c05.avi,135
v_PoleVault_g14_c01.avi,153
v_PoleVault_g14_c02.avi,178
v_PoleVault_g14_c03.avi,164
v_PoleVault_g14_c04.avi,479
v_PoleVault_g14_c05.avi,235
v_PoleVault_g14_c06.avi,221
v_PoleVault_g14_c07.avi,269
v_PoleVault_g15_c01.avi,152
v_PoleVault_g15_c02.avi,209
v_PoleVault_g15_c03.avi,170
v_PoleVault_g15_c04.avi,230
v_PoleVault_g16_c01.avi,267
v_PoleVault_g16_c02.avi,189
v_PoleVault_g16_c03.avi,205
v_PoleVault_g16_c04.avi,246
v_PoleVault_g16_c05.avi,164
v_PoleVault_g16_c06.avi,169
v_PoleVault_g16_c07.avi,231
v_PoleVault_g17_c01.avi,162
v_PoleVault_g17_c02.avi,166
v_PoleVault_g17_c03.avi,105
v_PoleVault_g17_c04.avi,132
v_PoleVault_g17_c05.avi,233
v_PoleVault_g17_c06.avi,162
v_PoleVault_g17_c07.avi,172
v_PoleVault_g18_c01.avi,127
v_PoleVault_g18_c02.avi,113
v_PoleVault_g18_c03.avi,188
v_PoleVault_g18_c04.avi,126
v_PoleVault_g18_c05.avi,110
v_PoleVault_g18_c06.avi,142
v_PoleVault_g18_c07.avi,202
v_PoleVault_g19_c01.avi,68
v_PoleVault_g19_c02.avi,69
v_PoleVault_g19_c03.avi,84
v_PoleVault_g19_c04.avi,83
v_PoleVault_g19_c05.avi,83
v_PoleVault_g19_c06.avi,76
v_PoleVault_g19_c07.avi,79
v_PoleVault_g20_c01.avi,250
v_PoleVault_g20_c02.avi,214
v_PoleVault_g20_c03.avi,148
v_PoleVault_g20_c04.avi,176
v_PoleVault_g20_c05.avi,98
v_PoleVault_g20_c06.avi,127
v_PoleVault_g21_c01.avi,96
v_PoleVault_g21_c02.avi,93
v_PoleVault_g21_c03.avi,93
v_PoleVault_g21_c04.avi,78
v_PoleVault_g21_c05.avi,133
v_PoleVault_g21_c06.avi,114
v_PoleVault_g21_c07.avi,157
v_PoleVault_g22_c01.avi,124
v_PoleVault_g22_c02.avi,138
v_PoleVault_g22_c03.avi,158
v_PoleVault_g22_c04.avi,198
v_PoleVault_g23_c01.avi,87
v_PoleVault_g23_c02.avi,95
v_PoleVault_g23_c03.avi,81
v_PoleVault_g23_c04.avi,107
v_PoleVault_g23_c05.avi,75
v_PoleVault_g23_c06.avi,98
v_PoleVault_g23_c07.avi,96
v_PoleVault_g24_c01.avi,177
v_PoleVault_g24_c02.avi,170
v_PoleVault_g24_c03.avi,198
v_PoleVault_g24_c04.avi,147
v_PoleVault_g24_c05.avi,135
v_PoleVault_g24_c06.avi,142
v_PoleVault_g24_c07.avi,157
v_PoleVault_g25_c01.avi,119
v_PoleVault_g25_c02.avi,101
v_PoleVault_g25_c03.avi,92
v_PoleVault_g25_c04.avi,116
v_PoleVault_g25_c05.avi,110
v_PoleVault_g25_c06.avi,102
v_PoleVault_g25_c07.avi,92
v_Shotput_g01_c01.avi,60
v_Shotput_g01_c02.avi,100
v_Shotput_g01_c03.avi,93
v_Shotput_g01_c04.avi,90
v_Shotput_g01_c05.avi,96
v_Shotput_g01_c06.avi,100
v_Shotput_g01_c07.avi,100
v_Shotput_g02_c01.avi,84
v_Shotput_g02_c02.avi,89
v_Shotput_g02_c03.avi,72
v_Shotput_g02_c04.avi,75
v_Shotput_g02_c05.avi,93
v_Shotput_g02_c06.avi,70
v_Shotput_g02_c07.avi,87
v_Shotput_g03_c01.avi,70
v_Shotput_g03_c02.avi,84
v_Shotput_g03_c03.avi,69
v_Shotput_g03_c04.avi,90
v_Shotput_g03_c05.avi,65
v_Shotput_g03_c06.avi,84
v_Shotput_g04_c01.avi,79
v_Shotput_g04_c02.avi,76
v_Shotput_g04_c03.avi,85
v_Shotput_g04_c04.avi,90
v_Shotput_g04_c05.avi,72
v_Shotput_g05_c01.avi,66
v_Shotput_g05_c02.avi,129
v_Shotput_g05_c03.avi,129
v_Shotput_g05_c04.avi,124
v_Shotput_g05_c05.avi,131
v_Shotput_g05_c06.avi,124
v_Shotput_g05_c07.avi,149
v_Shotput_g06_c01.avi,100
v_Shotput_g06_c02.avi,100
v_Shotput_g06_c03.avi,87
v_Shotput_g06_c04.avi,94
v_Shotput_g06_c05.avi,85
v_Shotput_g06_c06.avi,89
v_Shotput_g06_c07.avi,100
v_Shotput_g07_c01.avi,78
v_Shotput_g07_c02.avi,64
v_Shotput_g07_c03.avi,70
v_Shotput_g07_c04.avi,80
v_Shotput_g07_c05.avi,80
v_Shotput_g07_c06.avi,59
v_Shotput_g07_c07.avi,77
v_Shotput_g08_c01.avi,144
v_Shotput_g08_c02.avi,110
v_Shotput_g08_c03.avi,105
v_Shotput_g08_c04.avi,124
v_Shotput_g08_c05.avi,124
v_Shotput_g08_c06.avi,100
v_Shotput_g08_c07.avi,114
v_Shotput_g09_c01.avi,64
v_Shotput_g09_c02.avi,71
v_Shotput_g09_c03.avi,81
v_Shotput_g09_c04.avi,76
v_Shotput_g09_c05.avi,83
v_Shotput_g09_c06.avi,76
v_Shotput_g09_c07.avi,75
v_Shotput_g10_c01.avi,55
v_Shotput_g10_c02.avi,85
v_Shotput_g10_c03.avi,71
v_Shotput_g10_c04.avi,95
v_Shotput_g10_c05.avi,81
v_Shotput_g10_c06.avi,70
v_Shotput_g11_c01.avi,83
v_Shotput_g11_c02.avi,83
v_Shotput_g11_c03.avi,86
v_Shotput_g11_c04.avi,78
v_Shotput_g11_c05.avi,92
v_Shotput_g11_c06.avi,75
v_Shotput_g11_c07.avi,88
v_Shotput_g12_c01.avi,81
v_Shotput_g12_c02.avi,86
v_Shotput_g12_c03.avi,78
v_Shotput_g12_c04.avi,78
v_Shotput_g12_c05.avi,74
v_Shotput_g12_c06.avi,66
v_Shotput_g12_c07.avi,73
v_Shotput_g13_c01.avi,67
v_Shotput_g13_c02.avi,78
v_Shotput_g13_c03.avi,82
v_Shotput_g13_c04.avi,74
v_Shotput_g14_c01.avi,71
v_Shotput_g14_c02.avi,86
v_Shotput_g14_c03.avi,74
v_Shotput_g14_c04.avi,69
v_Shotput_g15_c01.avi,65
v_Shotput_g15_c02.avi,72
v_Shotput_g15_c03.avi,81
v_Shotput_g15_c04.avi,68
v_Shotput_g15_c05.avi,88
v_Shotput_g15_c06.avi,65
v_Shotput_g15_c07.avi,72
v_Shotput_g16_c01.avi,149
v_Shotput_g16_c02.avi,63
v_Shotput_g16_c03.avi,135
v_Shotput_g16_c04.avi,94
v_Shotput_g16_c05.avi,75
v_Shotput_g16_c06.avi,118
v_Shotput_g16_c07.avi,83
v_Shotput_g17_c01.avi,203
v_Shotput_g17_c02.avi,100
v_Shotput_g17_c03.avi,90
v_Shotput_g17_c04.avi,85
v_Shotput_g17_c05.avi,74
v_Shotput_g18_c01.avi,101
v_Shotput_g18_c02.avi,134
v_Shotput_g18_c03.avi,109
v_Shotput_g18_c04.avi,115
v_Shotput_g19_c01.avi,78
v_Shotput_g19_c02.avi,70
v_Shotput_g19_c03.avi,85
v_Shotput_g19_c04.avi,156
v_Shotput_g20_c01.avi,114
v_Shotput_g20_c02.avi,95
v_Shotput_g20_c03.avi,84
v_Shotput_g20_c04.avi,112
v_Shotput_g21_c01.avi,80
v_Shotput_g21_c02.avi,125
v_Shotput_g21_c03.avi,107
v_Shotput_g21_c04.avi,75
v_Shotput_g22_c01.avi,101
v_Shotput_g22_c02.avi,113
v_Shotput_g22_c03.avi,63
v_Shotput_g22_c04.avi,75
v_Shotput_g22_c05.avi,69
v_Shotput_g23_c01.avi,84
v_Shotput_g23_c02.avi,54
v_Shotput_g23_c03.avi,133
v_Shotput_g23_c04.avi,77
v_Shotput_g23_c05.avi,83
v_Shotput_g23_c06.avi,74
v_Shotput_g23_c07.avi,79
v_Shotput_g24_c01.avi,110
v_Shotput_g24_c02.avi,75
v_Shotput_g24_c03.avi,102
v_Shotput_g24_c04.avi,109
v_Shotput_g25_c01.avi,93
v_Shotput_g25_c02.avi,78
v_Shotput_g25_c03.avi,85
v_Shotput_g25_c04.avi,87
v_Shotput_g25_c05.avi,82
v_SoccerPenalty_g01_c01.avi,152
v_SoccerPenalty_g01_c02.avi,137
v_SoccerPenalty_g01_c03.avi,147
v_SoccerPenalty_g01_c04.avi,131
v_SoccerPenalty_g01_c05.avi,104
v_SoccerPenalty_g01_c06.avi,91
v_SoccerPenalty_g02_c01.avi,117
v_SoccerPenalty_g02_c02.avi,99
v_SoccerPenalty_g02_c03.avi,90
v_SoccerPenalty_g02_c04.avi,120
v_SoccerPenalty_g02_c05.avi,99
v_SoccerPenalty_g03_c01.avi,97
v_SoccerPenalty_g03_c02.avi,95
v_SoccerPenalty_g03_c03.avi,137
v_SoccerPenalty_g03_c04.avi,97
v_SoccerPenalty_g03_c05.avi,69
v_SoccerPenalty_g04_c01.avi,57
v_SoccerPenalty_g04_c02.avi,71
v_SoccerPenalty_g04_c03.avi,69
v_SoccerPenalty_g04_c04.avi,82
v_SoccerPenalty_g04_c05.avi,114
v_SoccerPenalty_g05_c01.avi,93
v_SoccerPenalty_g05_c02.avi,77
v_SoccerPenalty_g05_c03.avi,88
v_SoccerPenalty_g05_c04.avi,78
v_SoccerPenalty_g05_c05.avi,99
v_SoccerPenalty_g05_c06.avi,74
v_SoccerPenalty_g05_c07.avi,136
v_SoccerPenalty_g06_c01.avi,100
v_SoccerPenalty_g06_c02.avi,49
v_SoccerPenalty_g06_c03.avi,64
v_SoccerPenalty_g06_c04.avi,54
v_SoccerPenalty_g06_c05.avi,59
v_SoccerPenalty_g06_c06.avi,85
v_SoccerPenalty_g06_c07.avi,61
v_SoccerPenalty_g07_c01.avi,59
v_SoccerPenalty_g07_c02.avi,145
v_SoccerPenalty_g07_c03.avi,72
v_SoccerPenalty_g07_c04.avi,70
v_SoccerPenalty_g07_c05.avi,69
v_SoccerPenalty_g07_c06.avi,95
v_SoccerPenalty_g08_c01.avi,109
v_SoccerPenalty_g08_c02.avi,86
v_SoccerPenalty_g08_c03.avi,128
v_SoccerPenalty_g08_c04.avi,168
v_SoccerPenalty_g08_c05.avi,124
v_SoccerPenalty_g08_c06.avi,81
v_SoccerPenalty_g09_c01.avi,102
v_SoccerPenalty_g09_c02.avi,91
v_SoccerPenalty_g09_c03.avi,118
v_SoccerPenalty_g09_c04.avi,90
v_SoccerPenalty_g09_c05.avi,145
v_SoccerPenalty_g10_c01.avi,89
v_SoccerPenalty_g10_c02.avi,70
v_SoccerPenalty_g10_c03.avi,118
v_SoccerPenalty_g10_c04.avi,139
v_SoccerPenalty_g10_c05.avi,130
v_SoccerPenalty_g11_c01.avi,114
v_SoccerPenalty_g11_c02.avi,137
v_SoccerPenalty_g11_c03.avi,96
v_SoccerPenalty_g11_c04.avi,76
v_SoccerPenalty_g11_c05.avi,104
v_SoccerPenalty_g12_c01.avi,80
v_SoccerPenalty_g12_c02.avi,93
v_SoccerPenalty_g12_c03.avi,59
v_SoccerPenalty_g12_c04.avi,75
v_SoccerPenalty_g12_c05.avi,74
v_SoccerPenalty_g12_c06.avi,44
v_SoccerPenalty_g12_c07.avi,64
v_SoccerPenalty_g13_c01.avi,97
v_SoccerPenalty_g13_c02.avi,86
v_SoccerPenalty_g13_c03.avi,78
v_SoccerPenalty_g13_c04.avi,76
v_SoccerPenalty_g13_c05.avi,101
v_SoccerPenalty_g13_c06.avi,75
v_SoccerPenalty_g14_c01.avi,139
v_SoccerPenalty_g14_c02.avi,134
v_SoccerPenalty_g14_c03.avi,86
v_SoccerPenalty_g14_c04.avi,85
v_SoccerPenalty_g14_c05.avi,116
v_SoccerPenalty_g14_c06.avi,132
v_SoccerPenalty_g15_c01.avi,99
v_SoccerPenalty_g15_c02.avi,101
v_SoccerPenalty_g15_c03.avi,109
v_SoccerPenalty_g15_c04.avi,78
v_SoccerPenalty_g15_c05.avi,77
v_SoccerPenalty_g15_c06.avi,75
v_SoccerPenalty_g15_c07.avi,85
v_SoccerPenalty_g16_c01.avi,133
v_SoccerPenalty_g16_c02.avi,88
v_SoccerPenalty_g16_c03.avi,127
v_SoccerPenalty_g16_c04.avi,89
v_SoccerPenalty_g16_c05.avi,113
v_SoccerPenalty_g17_c01.avi,99
v_SoccerPenalty_g17_c02.avi,92
v_SoccerPenalty_g17_c03.avi,97
v_SoccerPenalty_g17_c04.avi,83
v_SoccerPenalty_g18_c01.avi,70
v_SoccerPenalty_g18_c02.avi,122
v_SoccerPenalty_g18_c03.avi,79
v_SoccerPenalty_g18_c04.avi,72
v_SoccerPenalty_g18_c05.avi,90
v_SoccerPenalty_g19_c01.avi,92
v_SoccerPenalty_g19_c02.avi,96
v_SoccerPenalty_g19_c03.avi,83
v_SoccerPenalty_g19_c04.avi,89
v_SoccerPenalty_g20_c01.avi,137
v_SoccerPenalty_g20_c02.avi,69
v_SoccerPenalty_g20_c03.avi,182
v_SoccerPenalty_g20_c04.avi,85
v_SoccerPenalty_g20_c05.avi,122
v_SoccerPenalty_g21_c01.avi,122
v_SoccerPenalty_g21_c02.avi,71
v_SoccerPenalty_g21_c03.avi,95
v_SoccerPenalty_g21_c04.avi,69
v_SoccerPenalty_g21_c05.avi,81
v_SoccerPenalty_g22_c01.avi,62
v_SoccerPenalty_g22_c02.avi,70
v_SoccerPenalty_g22_c03.avi,76
v_SoccerPenalty_g22_c04.avi,100
v_SoccerPenalty_g22_c05.avi,89
v_SoccerPenalty_g23_c01.avi,76
v_SoccerPenalty_g23_c02.avi,104
v_SoccerPenalty_g23_c03.avi,83
v_SoccerPenalty_g23_c04.avi,88
v_SoccerPenalty_g23_c05.avi,95
v_SoccerPenalty_g23_c06.avi,103
v_SoccerPenalty_g24_c01.avi,81
v_SoccerPenalty_g24_c02.avi,90
v_SoccerPenalty_g24_c03.avi,115
v_SoccerPenalty_g24_c04.avi,74
v_SoccerPenalty_g24_c05.avi,86
v_SoccerPenalty_g24_c06.avi,93
v_SoccerPenalty_g25_c01.avi,63
v_SoccerPenalty_g25_c02.avi,109
v_SoccerPenalty_g25_c03.avi,97
v_SoccerPenalty_g25_c04.avi,86
v_TennisSwing_g01_c01.avi,76
v_TennisSwing_g01_c02.avi,84
v_TennisSwing_g01_c03.avi,83
v_TennisSwing_g01_c04.avi,89
v_TennisSwing_g01_c05.avi,84
v_TennisSwing_g01_c06.avi,89
v_TennisSwing_g01_c07.avi,85
v_TennisSwing_g02_c01.avi,73
v_TennisSwing_g02_c02.avi,93
v_TennisSwing_g02_c03.avi,73
v_TennisSwing_g02_c04.avi,84
v_TennisSwing_g02_c05.avi,177
v_TennisSwing_g02_c06.avi,93
v_TennisSwing_g02_c07.avi,216
v_TennisSwing_g03_c01.avi,79
v_TennisSwing_g03_c02.avi,61
v_TennisSwing_g03_c03.avi,80
v_TennisSwing_g03_c04.avi,78
v_TennisSwing_g03_c05.avi,96
v_TennisSwing_g03_c06.avi,84
v_TennisSwing_g03_c07.avi,73
v_TennisSwing_g04_c01.avi,145
v_TennisSwing_g04_c02.avi,97
v_TennisSwing_g04_c03.avi,85
v_TennisSwing_g04_c04.avi,96
v_TennisSwing_g04_c05.avi,121
v_TennisSwing_g04_c06.avi,97
v_TennisSwing_g04_c07.avi,129
v_TennisSwing_g05_c01.avi,121
v_TennisSwing_g05_c02.avi,173
v_TennisSwing_g05_c03.avi,164
v_TennisSwing_g05_c04.avi,140
v_TennisSwing_g05_c05.avi,153
v_TennisSwing_g05_c06.avi,164
v_TennisSwing_g05_c07.avi,95
v_TennisSwing_g06_c01.avi,138
v_TennisSwing_g06_c02.avi,210
v_TennisSwing_g06_c03.avi,244
v_TennisSwing_g06_c04.avi,230
v_TennisSwing_g06_c05.avi,244
v_TennisSwing_g06_c06.avi,204
v_TennisSwing_g06_c07.avi,185
v_TennisSwing_g07_c01.avi,203
v_TennisSwing_g07_c02.avi,247
v_TennisSwing_g07_c03.avi,129
v_TennisSwing_g07_c04.avi,121
v_TennisSwing_g07_c05.avi,172
v_TennisSwing_g07_c06.avi,168
v_TennisSwing_g07_c07.avi,143
v_TennisSwing_g08_c01.avi,191
v_TennisSwing_g08_c02.avi,233
v_TennisSwing_g08_c03.avi,209
v_TennisSwing_g08_c04.avi,283
v_TennisSwing_g08_c05.avi,118
v_TennisSwing_g08_c06.avi,179
v_TennisSwing_g09_c01.avi,101
v_TennisSwing_g09_c02.avi,118
v_TennisSwing_g09_c03.avi,131
v_TennisSwing_g09_c04.avi,109
v_TennisSwing_g09_c05.avi,112
v_TennisSwing_g09_c06.avi,119
v_TennisSwing_g09_c07.avi,121
v_TennisSwing_g10_c01.avi,136
v_TennisSwing_g10_c02.avi,334
v_TennisSwing_g10_c03.avi,99
v_TennisSwing_g10_c04.avi,123
v_TennisSwing_g10_c05.avi,111
v_TennisSwing_g10_c06.avi,98
v_TennisSwing_g10_c07.avi,191
v_TennisSwing_g11_c01.avi,124
v_TennisSwing_g11_c02.avi,90
v_TennisSwing_g11_c03.avi,202
v_TennisSwing_g11_c04.avi,234
v_TennisSwing_g11_c05.avi,295
v_TennisSwing_g11_c06.avi,187
v_TennisSwing_g11_c07.avi,93
v_TennisSwing_g12_c01.avi,224
v_TennisSwing_g12_c02.avi,248
v_TennisSwing_g12_c03.avi,366
v_TennisSwing_g12_c04.avi,247
v_TennisSwing_g12_c05.avi,186
v_TennisSwing_g12_c06.avi,91
v_TennisSwing_g12_c07.avi,187
v_TennisSwing_g13_c01.avi,68
v_TennisSwing_g13_c02.avi,68
v_TennisSwing_g13_c03.avi,87
v_TennisSwing_g13_c04.avi,87
v_TennisSwing_g13_c05.avi,80
v_TennisSwing_g13_c06.avi,171
v_TennisSwing_g13_c07.avi,222
v_TennisSwing_g14_c01.avi,120
v_TennisSwing_g14_c02.avi,112
v_TennisSwing_g14_c03.avi,112
v_TennisSwing_g14_c04.avi,90
v_TennisSwing_g14_c05.avi,90
v_TennisSwing_g14_c06.avi,112
v_TennisSwing_g14_c07.avi,179
v_TennisSwing_g15_c01.avi,160
v_TennisSwing_g15_c02.avi,135
v_TennisSwing_g15_c03.avi,185
v_TennisSwing_g15_c04.avi,185
v_TennisSwing_g15_c05.avi,260
v_TennisSwing_g15_c06.avi,74
v_TennisSwing_g15_c07.avi,99
v_TennisSwing_g16_c01.avi,301
v_TennisSwing_g16_c02.avi,292
v_TennisSwing_g16_c03.avi,281
v_TennisSwing_g16_c04.avi,307
v_TennisSwing_g16_c05.avi,302
v_TennisSwing_g16_c06.avi,243
v_TennisSwing_g16_c07.avi,175
v_TennisSwing_g17_c01.avi,252
v_TennisSwing_g17_c02.avi,192
v_TennisSwing_g17_c03.avi,277
v_TennisSwing_g17_c04.avi,259
v_TennisSwing_g17_c05.avi,200
v_TennisSwing_g17_c06.avi,200
v_TennisSwing_g17_c07.avi,176
v_TennisSwing_g18_c01.avi,142
v_TennisSwing_g18_c02.avi,147
v_TennisSwing_g18_c03.avi,149
v_TennisSwing_g18_c04.avi,144
v_TennisSwing_g18_c05.avi,152
v_TennisSwing_g18_c06.avi,163
v_TennisSwing_g19_c01.avi,121
v_TennisSwing_g19_c02.avi,78
v_TennisSwing_g19_c03.avi,172
v_TennisSwing_g19_c04.avi,174
v_TennisSwing_g19_c05.avi,164
v_TennisSwing_g19_c06.avi,140
v_TennisSwing_g20_c01.avi,71
v_TennisSwing_g20_c02.avi,137
v_TennisSwing_g20_c03.avi,130
v_TennisSwing_g20_c04.avi,170
v_TennisSwing_g20_c05.avi,120
v_TennisSwing_g20_c06.avi,171
v_TennisSwing_g21_c01.avi,101
v_TennisSwing_g21_c02.avi,107
v_TennisSwing_g21_c03.avi,103
v_TennisSwing_g21_c04.avi,114
v_TennisSwing_g21_c05.avi,145
v_TennisSwing_g21_c06.avi,153
v_TennisSwing_g22_c01.avi,217
v_TennisSwing_g22_c02.avi,191
v_TennisSwing_g22_c03.avi,222
v_TennisSwing_g22_c04.avi,199
v_TennisSwing_g22_c05.avi,244
v_TennisSwing_g22_c06.avi,217
v_TennisSwing_g23_c01.avi,263
v_TennisSwing_g23_c02.avi,78
v_TennisSwing_g23_c03.avi,131
v_TennisSwing_g23_c04.avi,119
v_TennisSwing_g23_c05.avi,94
v_TennisSwing_g23_c06.avi,73
v_TennisSwing_g24_c01.avi,186
v_TennisSwing_g24_c02.avi,106
v_TennisSwing_g24_c03.avi,102
v_TennisSwing_g24_c04.avi,91
v_TennisSwing_g24_c05.avi,69
v_TennisSwing_g24_c06.avi,280
v_TennisSwing_g25_c01.avi,257
v_TennisSwing_g25_c02.avi,311
v_TennisSwing_g25_c03.avi,227
v_TennisSwing_g25_c04.avi,332
v_TennisSwing_g25_c05.avi,250
v_TennisSwing_g25_c06.avi,272
v_ThrowDiscus_g01_c01.avi,65
v_ThrowDiscus_g01_c02.avi,93
v_ThrowDiscus_g01_c03.avi,81
v_ThrowDiscus_g01_c04.avi,77
v_ThrowDiscus_g02_c01.avi,83
v_ThrowDiscus_g02_c02.avi,89
v_ThrowDiscus_g02_c03.avi,89
v_ThrowDiscus_g02_c04.avi,125
v_ThrowDiscus_g02_c05.avi,83
v_ThrowDiscus_g02_c06.avi,89
v_ThrowDiscus_g02_c07.avi,83
v_ThrowDiscus_g03_c01.avi,118
v_ThrowDiscus_g03_c02.avi,90
v_ThrowDiscus_g03_c03.avi,147
v_ThrowDiscus_g03_c04.avi,109
v_ThrowDiscus_g04_c01.avi,60
v_ThrowDiscus_g04_c02.avi,157
v_ThrowDiscus_g04_c03.avi,120
v_ThrowDiscus_g04_c04.avi,122
v_ThrowDiscus_g05_c01.avi,75
v_ThrowDiscus_g05_c02.avi,70
v_ThrowDiscus_g05_c03.avi,65
v_ThrowDiscus_g05_c04.avi,77
v_ThrowDiscus_g05_c05.avi,60
v_ThrowDiscus_g06_c01.avi,87
v_ThrowDiscus_g06_c02.avi,61
v_ThrowDiscus_g06_c03.avi,96
v_ThrowDiscus_g06_c04.avi,132
v_ThrowDiscus_g06_c05.avi,132
v_ThrowDiscus_g06_c06.avi,105
v_ThrowDiscus_g06_c07.avi,70
v_ThrowDiscus_g07_c01.avi,113
v_ThrowDiscus_g07_c02.avi,104
v_ThrowDiscus_g07_c03.avi,154
v_ThrowDiscus_g07_c04.avi,122
v_ThrowDiscus_g07_c05.avi,109
v_ThrowDiscus_g07_c06.avi,104
v_ThrowDiscus_g07_c07.avi,108
v_ThrowDiscus_g08_c01.avi,66
v_ThrowDiscus_g08_c02.avi,97
v_ThrowDiscus_g08_c03.avi,114
v_ThrowDiscus_g08_c04.avi,95
v_ThrowDiscus_g09_c01.avi,82
v_ThrowDiscus_g09_c02.avi,111
v_ThrowDiscus_g09_c03.avi,93
v_ThrowDiscus_g09_c04.avi,70
v_ThrowDiscus_g09_c05.avi,105
v_ThrowDiscus_g09_c06.avi,99
v_ThrowDiscus_g10_c01.avi,78
v_ThrowDiscus_g10_c02.avi,152
v_ThrowDiscus_g10_c03.avi,110
v_ThrowDiscus_g10_c04.avi,130
v_ThrowDiscus_g10_c05.avi,136
v_ThrowDiscus_g11_c01.avi,88
v_ThrowDiscus_g11_c02.avi,72
v_ThrowDiscus_g11_c03.avi,63
v_ThrowDiscus_g11_c04.avi,84
v_ThrowDiscus_g11_c05.avi,64
v_ThrowDiscus_g11_c06.avi,63
v_ThrowDiscus_g11_c07.avi,63
v_ThrowDiscus_g12_c01.avi,115
v_ThrowDiscus_g12_c02.avi,84
v_ThrowDiscus_g12_c03.avi,145
v_ThrowDiscus_g12_c04.avi,84
v_ThrowDiscus_g12_c05.avi,107
v_ThrowDiscus_g12_c06.avi,83
v_ThrowDiscus_g13_c01.avi,103
v_ThrowDiscus_g13_c02.avi,134
v_ThrowDiscus_g13_c03.avi,113
v_ThrowDiscus_g13_c04.avi,134
v_ThrowDiscus_g13_c05.avi,164
v_ThrowDiscus_g14_c01.avi,101
v_ThrowDiscus_g14_c02.avi,70
v_ThrowDiscus_g14_c03.avi,109
v_ThrowDiscus_g14_c04.avi,78
v_ThrowDiscus_g15_c01.avi,98
v_ThrowDiscus_g15_c02.avi,87
v_ThrowDiscus_g15_c03.avi,98
v_ThrowDiscus_g15_c04.avi,76
v_ThrowDiscus_g15_c05.avi,109
v_ThrowDiscus_g16_c01.avi,106
v_ThrowDiscus_g16_c02.avi,105
v_ThrowDiscus_g16_c03.avi,57
v_ThrowDiscus_g16_c04.avi,140
v_ThrowDiscus_g17_c01.avi,102
v_ThrowDiscus_g17_c02.avi,55
v_ThrowDiscus_g17_c03.avi,102
v_ThrowDiscus_g17_c04.avi,62
v_ThrowDiscus_g17_c05.avi,88
v_ThrowDiscus_g18_c01.avi,148
v_ThrowDiscus_g18_c02.avi,130
v_ThrowDiscus_g18_c03.avi,91
v_ThrowDiscus_g18_c04.avi,116
v_ThrowDiscus_g18_c05.avi,130
v_ThrowDiscus_g18_c06.avi,96
v_ThrowDiscus_g18_c07.avi,103
v_ThrowDiscus_g19_c01.avi,67
v_ThrowDiscus_g19_c02.avi,80
v_ThrowDiscus_g19_c03.avi,70
v_ThrowDiscus_g19_c04.avi,102
v_ThrowDiscus_g20_c01.avi,101
v_ThrowDiscus_g20_c02.avi,79
v_ThrowDiscus_g20_c03.avi,88
v_ThrowDiscus_g20_c04.avi,91
v_ThrowDiscus_g21_c01.avi,54
v_ThrowDiscus_g21_c02.avi,115
v_ThrowDiscus_g21_c03.avi,68
v_ThrowDiscus_g21_c04.avi,88
v_ThrowDiscus_g21_c05.avi,109
v_ThrowDiscus_g21_c06.avi,81
v_ThrowDiscus_g21_c07.avi,68
v_ThrowDiscus_g22_c01.avi,75
v_ThrowDiscus_g22_c02.avi,91
v_ThrowDiscus_g22_c03.avi,86
v_ThrowDiscus_g22_c04.avi,72
v_ThrowDiscus_g23_c01.avi,108
v_ThrowDiscus_g23_c02.avi,54
v_ThrowDiscus_g23_c03.avi,93
v_ThrowDiscus_g23_c04.avi,100
v_ThrowDiscus_g23_c05.avi,70
v_ThrowDiscus_g24_c01.avi,66
v_ThrowDiscus_g24_c02.avi,92
v_ThrowDiscus_g24_c03.avi,85
v_ThrowDiscus_g24_c04.avi,85
v_ThrowDiscus_g24_c05.avi,66
v_ThrowDiscus_g25_c01.avi,87
v_ThrowDiscus_g25_c02.avi,95
v_ThrowDiscus_g25_c03.avi,111
v_ThrowDiscus_g25_c04.avi,120
v_ThrowDiscus_g25_c05.avi,95
v_VolleyballSpiking_g01_c01.avi,92
v_VolleyballSpiking_g01_c02.avi,209
v_VolleyballSpiking_g01_c03.avi,153
v_VolleyballSpiking_g01_c04.avi,68
v_VolleyballSpiking_g02_c01.avi,83
v_VolleyballSpiking_g02_c02.avi,121
v_VolleyballSpiking_g02_c03.avi,111
v_VolleyballSpiking_g02_c04.avi,90
v_VolleyballSpiking_g03_c01.avi,101
v_VolleyballSpiking_g03_c02.avi,64
v_VolleyballSpiking_g03_c03.avi,122
v_VolleyballSpiking_g03_c04.avi,94
v_VolleyballSpiking_g04_c01.avi,64
v_VolleyballSpiking_g04_c02.avi,60
v_VolleyballSpiking_g04_c03.avi,75
v_VolleyballSpiking_g04_c04.avi,110
v_VolleyballSpiking_g04_c05.avi,97
v_VolleyballSpiking_g04_c06.avi,108
v_VolleyballSpiking_g04_c07.avi,127
v_VolleyballSpiking_g05_c01.avi,103
v_VolleyballSpiking_g05_c02.avi,65
v_VolleyballSpiking_g05_c03.avi,58
v_VolleyballSpiking_g05_c04.avi,62
v_VolleyballSpiking_g05_c05.avi,93
v_VolleyballSpiking_g06_c01.avi,120
v_VolleyballSpiking_g06_c02.avi,105
v_VolleyballSpiking_g06_c03.avi,120
v_VolleyballSpiking_g06_c04.avi,147
v_VolleyballSpiking_g07_c01.avi,52
v_VolleyballSpiking_g07_c02.avi,86
v_VolleyballSpiking_g07_c03.avi,88
v_VolleyballSpiking_g07_c04.avi,66
v_VolleyballSpiking_g07_c05.avi,85
v_VolleyballSpiking_g07_c06.avi,66
v_VolleyballSpiking_g07_c07.avi,78
v_VolleyballSpiking_g08_c01.avi,118
v_VolleyballSpiking_g08_c02.avi,109
v_VolleyballSpiking_g08_c03.avi,73
v_VolleyballSpiking_g08_c04.avi,116
v_VolleyballSpiking_g08_c05.avi,154
v_VolleyballSpiking_g08_c06.avi,252
v_VolleyballSpiking_g09_c01.avi,81
v_VolleyballSpiking_g09_c02.avi,60
v_VolleyballSpiking_g09_c03.avi,67
v_VolleyballSpiking_g09_c04.avi,188
v_VolleyballSpiking_g09_c05.avi,152
v_VolleyballSpiking_g09_c06.avi,104
v_VolleyballSpiking_g10_c01.avi,88
v_VolleyballSpiking_g10_c02.avi,168
v_VolleyballSpiking_g10_c03.avi,95
v_VolleyballSpiking_g10_c04.avi,134
v_VolleyballSpiking_g11_c01.avi,92
v_VolleyballSpiking_g11_c02.avi,161
v_VolleyballSpiking_g11_c03.avi,115
v_VolleyballSpiking_g11_c04.avi,175
v_VolleyballSpiking_g11_c05.avi,107
v_VolleyballSpiking_g11_c06.avi,73
v_VolleyballSpiking_g12_c01.avi,100
v_VolleyballSpiking_g12_c02.avi,61
v_VolleyballSpiking_g12_c03.avi,115
v_VolleyballSpiking_g12_c04.avi,136
v_VolleyballSpiking_g13_c01.avi,76
v_VolleyballSpiking_g13_c02.avi,72
v_VolleyballSpiking_g13_c03.avi,72
v_VolleyballSpiking_g13_c04.avi,78
v_VolleyballSpiking_g13_c05.avi,104
v_VolleyballSpiking_g13_c06.avi,103
v_VolleyballSpiking_g13_c07.avi,101
v_VolleyballSpiking_g14_c01.avi,66
v_VolleyballSpiking_g14_c02.avi,56
v_VolleyballSpiking_g14_c03.avi,99
v_VolleyballSpiking_g14_c04.avi,83
v_VolleyballSpiking_g15_c01.avi,129
v_VolleyballSpiking_g15_c02.avi,101
v_VolleyballSpiking_g15_c03.avi,141
v_VolleyballSpiking_g15_c04.avi,85
v_VolleyballSpiking_g16_c01.avi,128
v_VolleyballSpiking_g16_c02.avi,95
v_VolleyballSpiking_g16_c03.avi,88
v_VolleyballSpiking_g16_c04.avi,179
v_VolleyballSpiking_g17_c01.avi,105
v_VolleyballSpiking_g17_c02.avi,86
v_VolleyballSpiking_g17_c03.avi,103
v_VolleyballSpiking_g17_c04.avi,123
v_VolleyballSpiking_g18_c01.avi,111
v_VolleyballSpiking_g18_c02.avi,99
v_VolleyballSpiking_g18_c03.avi,152
v_VolleyballSpiking_g18_c04.avi,157
v_VolleyballSpiking_g19_c01.avi,119
v_VolleyballSpiking_g19_c02.avi,100
v_VolleyballSpiking_g19_c03.avi,58
v_VolleyballSpiking_g19_c04.avi,89
v_VolleyballSpiking_g20_c01.avi,79
v_VolleyballSpiking_g20_c02.avi,170
v_VolleyballSpiking_g20_c03.avi,77
v_VolleyballSpiking_g20_c04.avi,56
v_VolleyballSpiking_g21_c01.avi,120
v_VolleyballSpiking_g21_c02.avi,118
v_VolleyballSpiking_g21_c03.avi,111
v_VolleyballSpiking_g21_c04.avi,105
v_VolleyballSpiking_g22_c01.avi,110
v_VolleyballSpiking_g22_c02.avi,110
v_VolleyballSpiking_g22_c03.avi,199
v_VolleyballSpiking_g22_c04.avi,170
v_VolleyballSpiking_g23_c01.avi,199
v_VolleyballSpiking_g23_c02.avi,117
v_VolleyballSpiking_g23_c03.avi,202
v_VolleyballSpiking_g23_c04.avi,260
v_VolleyballSpiking_g24_c01.avi,116
v_VolleyballSpiking_g24_c02.avi,100
v_VolleyballSpiking_g24_c03.avi,120
v_VolleyballSpiking_g24_c04.avi,132
v_VolleyballSpiking_g25_c01.avi,75
v_VolleyballSpiking_g25_c02.avi,100
v_VolleyballSpiking_g25_c03.avi,178
v_VolleyballSpiking_g25_c04.avi,101
